Time,T1,T5,T9,T10,Q1,Q2,Dt1,Dt2,C1,C2,TE
[min],°C,°C,°C,°C,l/h,l/h,°C,°C,kcal,kcal,°C
0.000,44.775,41.650,27.295,32.910,592.236,169.189,3.125,5.615,1850.739,950.038,39.708
0.017,44.727,41.748,27.246,33.008,590.625,170.361,2.979,5.762,1759.186,981.574,39.791
0.033,44.678,41.650,27.246,32.959,591.650,170.508,3.027,5.713,1791.129,974.092,39.706
0.050,44.775,41.553,27.197,32.959,591.504,169.336,3.223,5.762,1906.214,975.666,39.640
0.067,44.727,41.602,27.393,33.008,590.625,169.629,3.125,5.615,1845.703,952.506,39.684
0.083,44.678,41.553,27.148,33.057,590.625,170.068,3.125,5.908,1845.703,1004.798,39.653
0.100,44.727,41.699,27.197,32.959,591.064,170.508,3.027,5.762,1789.355,982.418,39.742
0.117,44.629,41.602,27.295,33.008,592.676,169.922,3.027,5.713,1794.233,970.745,39.687
0.133,44.629,41.602,27.295,32.910,592.090,168.896,3.027,5.615,1792.459,948.393,39.673
0.150,44.629,41.553,27.246,32.910,591.504,169.189,3.076,5.664,1819.568,958.300,39.630
0.167,44.727,41.504,27.295,33.105,591.650,169.629,3.223,5.811,1906.686,985.637,39.633
0.183,44.678,41.553,27.197,32.959,590.771,169.482,3.125,5.762,1846.161,976.510,39.637
0.200,44.580,41.553,27.148,32.959,590.332,168.457,3.027,5.811,1787.138,978.827,39.645
0.217,44.629,41.699,27.197,33.008,592.969,168.750,2.930,5.811,1737.213,980.530,39.774
0.233,44.678,41.504,27.344,33.008,590.771,168.750,3.174,5.664,1875.007,955.811,39.616
0.250,44.531,41.553,27.197,33.008,590.625,168.750,2.979,5.811,1759.186,980.530,39.654
0.267,44.482,41.504,27.246,32.861,590.332,168.750,2.979,5.615,1758.313,947.571,39.583
0.283,44.531,41.553,27.246,32.861,591.650,168.750,2.979,5.615,1762.240,947.571,39.624
0.300,44.531,41.455,27.197,32.910,591.797,168.750,3.076,5.713,1820.469,964.050,39.559
0.317,44.482,41.650,27.246,33.008,592.676,168.750,2.832,5.762,1678.476,972.290,39.735
0.333,44.580,41.553,27.197,32.959,590.918,168.750,3.027,5.762,1788.912,972.290,39.644
0.350,44.531,41.553,27.246,32.813,592.676,168.457,2.979,5.566,1765.294,937.700,39.618
0.367,44.580,41.406,27.295,32.959,591.943,168.164,3.174,5.664,1878.726,952.492,39.537
0.383,44.580,41.455,27.246,33.057,593.115,168.604,3.125,5.811,1853.485,979.679,39.596
0.400,44.531,41.504,27.393,32.910,591.797,168.604,3.027,5.518,1791.573,930.283,39.598
0.417,44.580,41.455,27.246,33.008,592.383,168.311,3.125,5.762,1851.196,969.758,39.586
0.433,44.434,41.553,27.148,32.861,591.064,167.871,2.881,5.713,1702.774,959.029,39.630
0.450,44.482,41.455,27.295,32.910,591.650,168.750,3.027,5.615,1791.129,947.571,39.559
0.467,44.385,41.455,27.295,32.910,592.236,168.750,2.930,5.615,1735.067,947.571,39.560
0.483,44.434,41.455,27.295,32.813,591.797,168.750,2.979,5.518,1762.676,931.091,39.537
0.500,44.482,41.357,27.295,32.959,591.650,167.725,3.125,5.664,1848.907,950.003,39.502
0.517,44.434,41.455,27.295,32.910,591.797,167.285,2.979,5.615,1762.676,939.345,39.572
0.533,44.336,41.406,27.246,32.764,592.383,167.432,2.930,5.518,1735.497,923.817,39.502
0.550,44.482,41.406,27.344,32.910,590.625,167.432,3.076,5.566,1816.864,931.993,39.530
0.567,44.434,41.357,27.295,32.959,590.625,168.164,3.076,5.664,1816.864,952.492,39.496
0.583,44.385,41.357,27.295,32.861,590.625,168.750,3.027,5.566,1788.025,939.331,39.469
0.600,44.434,41.406,27.295,32.959,590.625,168.604,3.027,5.664,1788.025,954.981,39.530
0.617,44.336,41.406,27.344,32.813,589.893,168.457,2.930,5.469,1728.201,921.249,39.497
0.633,44.287,41.455,27.295,32.813,590.479,168.750,2.832,5.518,1672.254,931.091,39.534
0.650,44.385,41.309,27.295,32.959,590.625,167.871,3.076,5.664,1816.864,950.832,39.461
0.667,44.287,41.357,27.344,32.764,591.211,167.432,2.930,5.420,1732.063,907.466,39.461
0.683,44.385,41.260,27.344,32.910,590.039,166.846,3.125,5.566,1843.872,928.731,39.419
0.700,44.336,41.309,27.344,32.959,590.625,167.871,3.027,5.615,1788.025,942.636,39.461
0.717,44.336,41.357,27.246,32.910,590.918,168.750,2.979,5.664,1760.058,955.811,39.481
0.733,44.385,41.260,27.344,32.764,592.969,168.750,3.125,5.420,1853.027,914.612,39.378
0.750,44.336,41.357,27.344,32.861,593.555,167.871,2.979,5.518,1767.912,926.242,39.484
0.767,44.336,41.309,27.393,32.861,592.236,168.164,3.027,5.469,1792.903,919.647,39.440
0.783,44.238,41.260,27.295,32.813,591.064,167.578,2.979,5.518,1760.495,924.625,39.394
0.800,44.336,41.260,27.344,32.910,592.383,168.164,3.076,5.566,1822.271,936.069,39.414
0.817,44.287,41.309,27.344,32.813,592.676,168.604,2.979,5.469,1765.294,922.050,39.427
0.833,44.287,41.260,27.295,32.959,590.625,168.164,3.027,5.664,1788.025,952.492,39.420
0.850,44.287,41.309,27.344,32.861,591.357,167.725,2.979,5.518,1761.367,925.434,39.442
0.867,44.238,41.260,27.393,32.861,589.893,168.164,2.979,5.469,1757.004,919.647,39.397
0.883,44.238,41.260,27.344,32.861,574.219,168.164,2.979,5.518,1710.320,927.858,39.357
0.900,44.287,41.162,27.295,32.861,519.434,168.457,3.125,5.566,1623.230,937.700,39.129
0.917,44.385,41.211,27.441,32.910,370.459,168.311,3.174,5.469,1175.773,920.448,38.618
0.933,44.385,41.211,27.344,32.861,262.207,164.209,3.174,5.518,832.200,906.036,37.996
0.950,44.385,41.211,27.393,32.764,238.330,163.330,3.174,5.371,756.419,877.261,37.776
0.967,44.385,41.260,27.393,32.861,233.936,161.865,3.125,5.469,731.049,885.201,37.825
0.983,44.434,41.260,27.393,32.813,232.471,162.891,3.174,5.420,737.822,882.854,37.779
1.000,44.531,41.162,27.344,32.813,231.006,162.598,3.369,5.469,778.291,889.206,37.713
1.017,44.482,41.260,27.393,32.813,231.592,161.865,3.223,5.420,746.341,877.297,37.785
1.033,44.629,41.211,27.246,32.910,231.445,162.598,3.418,5.664,791.073,920.963,37.786
1.050,44.580,41.260,27.393,32.813,230.566,162.451,3.320,5.420,765.553,880.473,37.768
1.067,44.580,41.162,27.344,32.910,229.102,162.744,3.418,5.566,783.062,905.900,37.735
1.083,44.678,41.260,27.295,32.764,229.834,162.891,3.418,5.469,785.565,890.808,37.736
1.100,44.678,41.211,27.295,32.813,228.516,162.305,3.467,5.518,792.217,895.529,37.723
1.117,44.775,41.162,27.441,32.715,227.783,162.451,3.613,5.273,823.045,856.676,37.646
1.133,44.922,41.162,27.197,32.861,228.369,163.330,3.760,5.664,858.614,925.112,37.701
1.150,44.922,41.162,27.490,32.813,228.516,163.477,3.760,5.322,859.165,870.066,37.680
1.167,44.971,41.211,27.344,32.813,228.662,163.037,3.760,5.469,859.716,891.609,37.715
1.183,45.068,41.113,27.393,32.813,226.465,164.355,3.955,5.420,895.686,890.794,37.622
1.200,45.264,41.113,27.197,32.861,226.025,163.623,4.150,5.664,938.094,926.771,37.648
1.217,45.264,41.113,27.295,32.813,226.318,163.037,4.150,5.518,939.310,899.570,37.637
1.233,45.508,41.016,27.441,32.715,225.732,162.598,4.492,5.273,1014.032,857.449,37.540
1.250,45.654,41.016,27.393,32.764,226.465,162.744,4.639,5.371,1050.496,874.114,37.565
1.267,45.703,41.064,27.344,32.813,226.465,163.037,4.639,5.469,1050.496,891.609,37.610
1.283,45.947,41.357,27.344,32.861,226.025,162.744,4.590,5.518,1037.421,897.954,37.801
1.300,46.094,41.064,27.393,32.666,225.879,163.037,5.029,5.273,1136.012,859.766,37.544
1.317,46.191,41.162,27.393,32.764,225.000,161.865,5.029,5.371,1131.592,869.393,37.648
1.333,46.436,40.967,27.393,32.715,225.000,163.037,5.469,5.322,1230.469,867.727,37.500
1.350,46.533,41.016,27.441,32.715,225.000,162.451,5.518,5.273,1241.455,856.676,37.535
1.367,46.729,41.064,27.393,32.617,226.318,162.891,5.664,5.225,1281.881,851.040,37.529
1.383,46.875,40.967,27.441,32.764,226.318,163.330,5.908,5.322,1337.135,869.286,37.528
1.400,46.875,40.967,27.393,32.764,225.000,162.451,5.908,5.371,1329.346,872.540,37.527
1.417,46.875,40.918,27.393,32.715,224.268,162.012,5.957,5.322,1335.969,862.269,37.477
1.433,46.973,40.918,27.441,32.715,225.000,162.451,6.055,5.273,1362.305,856.676,37.479
1.450,47.168,41.064,27.441,32.910,225.000,161.865,6.104,5.469,1373.291,885.201,37.653
1.467,47.510,40.869,27.344,32.764,224.561,162.158,6.641,5.420,1491.222,878.885,37.470
1.483,47.510,40.918,27.490,32.666,224.414,162.598,6.592,5.176,1479.292,841.570,37.451
1.500,47.510,40.967,27.344,32.764,219.141,162.744,6.543,5.420,1433.830,882.061,37.471
1.517,47.656,40.918,27.344,32.666,218.408,162.744,6.738,5.322,1471.696,866.168,37.395
1.533,47.852,40.967,27.393,32.666,218.115,162.744,6.885,5.273,1501.672,858.221,37.420
1.550,47.900,41.064,27.246,32.764,218.994,162.158,6.836,5.518,1497.030,894.721,37.533
1.567,47.900,40.918,27.344,32.617,217.969,162.598,6.982,5.273,1521.950,857.449,37.371
1.583,48.145,40.918,27.295,32.666,217.529,162.744,7.227,5.371,1571.989,874.114,37.386
1.600,48.242,41.016,27.441,32.568,217.529,162.451,7.227,5.127,1571.989,832.880,37.404
1.617,48.291,40.967,27.344,32.617,217.676,162.744,7.324,5.273,1594.305,858.221,37.395
1.633,48.340,41.016,27.393,32.520,217.969,161.865,7.324,5.127,1596.451,829.875,37.395
1.650,48.389,41.064,27.588,32.520,217.383,162.305,7.324,4.932,1592.159,800.428,37.412
1.667,48.438,41.016,27.441,32.568,216.504,162.012,7.422,5.127,1606.865,830.626,37.400
1.683,48.682,40.967,27.441,32.568,216.943,162.891,7.715,5.127,1673.684,835.133,37.365
1.700,48.584,41.113,27.344,32.568,215.625,162.305,7.471,5.225,1610.870,847.979,37.444
1.717,48.682,41.064,27.393,32.617,216.064,162.598,7.617,5.225,1645.803,849.509,37.437
1.733,48.779,41.113,27.393,32.617,216.504,162.598,7.666,5.225,1659.722,849.509,37.469
1.750,48.828,41.211,27.441,32.520,216.504,162.598,7.617,5.078,1649.151,825.691,37.483
1.767,48.877,41.113,27.393,32.568,215.625,163.037,7.764,5.176,1674.042,843.844,37.434
1.783,48.877,41.162,27.441,32.666,215.918,162.891,7.715,5.225,1665.773,851.040,37.509
1.800,48.877,41.260,27.441,32.568,216.650,162.158,7.617,5.127,1650.267,831.378,37.539
1.817,49.023,41.309,27.393,32.568,215.625,162.305,7.715,5.176,1663.513,840.054,37.555
1.833,48.975,41.260,27.393,32.568,216.797,162.451,7.715,5.176,1672.554,840.812,37.537
1.850,49.072,41.162,27.588,32.422,217.090,163.623,7.910,4.834,1717.215,790.951,37.406
1.867,49.219,41.309,27.441,32.373,215.625,162.744,7.910,4.932,1705.627,802.596,37.465
1.883,49.023,41.211,27.490,32.568,216.064,163.184,7.813,5.078,1688.004,828.667,37.492
1.900,49.170,41.406,27.441,32.568,216.211,162.744,7.764,5.127,1678.591,834.382,37.611
1.917,49.121,41.406,27.490,32.422,216.064,162.891,7.715,4.932,1666.903,803.318,37.544
1.933,49.219,41.406,27.490,32.471,216.650,162.891,7.813,4.980,1692.581,811.272,37.571
1.950,49.121,41.406,27.441,32.568,216.650,162.744,7.715,5.127,1671.424,834.382,37.615
1.967,49.170,41.455,27.490,32.520,216.650,162.158,7.715,5.029,1671.424,815.542,37.630
1.983,49.268,41.406,27.539,32.520,209.912,162.598,7.861,4.980,1650.188,809.813,37.527
2.000,49.219,41.553,27.393,32.422,207.861,162.305,7.666,5.029,1593.468,816.278,37.549
2.017,49.268,41.553,27.490,32.422,206.250,161.865,7.715,4.932,1591.187,798.261,37.538
2.033,49.268,41.650,27.588,32.471,206.689,161.865,7.617,4.883,1574.392,790.358,37.619
2.050,49.268,41.602,27.490,32.422,206.689,162.012,7.666,4.932,1584.485,798.984,37.568
2.067,49.219,41.699,27.441,32.324,208.154,161.426,7.520,4.883,1565.223,788.212,37.604
2.083,49.170,41.699,27.295,32.471,206.836,162.451,7.471,5.176,1545.210,840.812,37.640
2.100,49.316,41.699,27.393,32.666,206.250,162.891,7.617,5.273,1571.045,858.994,37.713
2.117,49.219,41.748,27.490,32.520,205.811,162.158,7.471,5.029,1537.549,815.542,37.681
2.133,49.268,41.797,27.490,32.422,205.664,162.598,7.471,4.932,1536.455,801.873,37.658
2.150,49.072,41.699,27.490,32.471,206.250,163.184,7.373,4.980,1520.691,812.731,37.623
2.167,49.219,41.895,27.490,32.422,206.250,162.305,7.324,4.932,1510.620,800.428,37.723
2.183,49.170,41.846,27.490,32.471,206.104,163.037,7.324,4.980,1509.547,812.001,37.705
2.200,49.219,41.943,27.490,32.520,205.957,162.744,7.275,5.029,1498.418,818.489,37.784
2.217,49.170,41.895,27.490,32.471,204.932,163.184,7.275,4.980,1490.958,812.731,37.717
2.233,49.072,41.943,27.734,32.471,204.932,162.891,7.129,4.736,1460.938,771.503,37.748
2.250,49.072,42.041,27.539,32.568,203.760,162.744,7.031,5.029,1432.686,818.489,37.835
2.267,49.072,42.090,27.441,32.422,204.492,161.719,6.982,4.980,1427.851,805.435,37.820
2.283,49.023,42.139,27.490,32.422,204.932,162.305,6.885,4.932,1410.906,800.428,37.844
2.300,48.926,42.041,27.539,32.422,205.225,162.012,6.885,4.883,1412.923,791.073,37.797
2.317,48.926,42.090,27.490,32.373,205.664,161.719,6.836,4.883,1405.907,789.642,37.813
2.333,48.926,42.090,27.539,32.471,205.957,162.451,6.836,4.932,1407.909,801.151,37.848
2.350,48.877,42.188,27.539,32.324,205.811,163.184,6.689,4.785,1376.760,780.859,37.826
2.367,48.926,42.188,27.539,32.471,204.932,162.158,6.738,4.932,1380.887,799.706,37.895
2.383,48.779,42.188,27.588,32.520,204.639,161.865,6.592,4.932,1348.937,798.261,37.918
2.400,48.779,42.334,27.490,32.568,205.371,161.865,6.445,5.078,1323.681,821.972,38.030
2.417,48.682,42.285,27.539,32.373,205.518,160.840,6.396,4.834,1314.590,777.497,37.933
2.433,48.730,42.334,27.588,32.422,206.250,161.279,6.396,4.834,1319.275,779.622,37.984
2.450,48.633,42.285,27.539,32.422,205.225,161.133,6.348,4.883,1302.695,786.781,37.947
2.467,48.633,42.285,27.637,32.471,204.346,161.133,6.348,4.834,1297.116,778.913,37.958
2.483,48.535,42.334,27.490,32.471,204.492,161.133,6.201,4.980,1268.091,802.517,37.987
2.500,48.535,42.334,27.490,32.422,206.250,160.693,6.201,4.932,1278.992,792.482,37.993
2.517,48.438,42.383,27.637,32.471,206.250,160.547,6.055,4.834,1248.779,776.081,38.044
2.533,48.486,42.432,27.441,32.520,200.537,161.133,6.055,5.078,1214.190,818.253,38.016
2.550,48.340,42.383,27.539,32.471,198.193,161.426,5.957,4.932,1180.644,796.094,37.933
2.567,48.340,42.334,27.539,32.520,196.875,161.572,6.006,4.980,1182.404,804.706,37.910
2.583,48.193,42.480,27.490,32.520,195.264,161.426,5.713,5.029,1115.520,811.858,37.972
2.600,48.242,42.480,27.539,32.422,195.264,162.158,5.762,4.883,1125.054,791.788,37.917
2.617,48.145,42.480,27.490,32.568,194.092,160.547,5.664,5.078,1099.348,815.277,37.993
2.633,48.096,42.334,27.490,32.471,193.652,160.107,5.762,4.980,1115.770,797.410,37.870
2.650,48.047,42.529,27.490,32.471,193.506,160.693,5.518,4.980,1067.684,800.328,37.966
2.667,47.998,42.480,27.588,32.373,194.678,160.400,5.518,4.785,1074.150,767.541,37.915
2.683,47.949,42.383,27.539,32.617,194.531,160.693,5.566,5.078,1082.840,816.021,37.965
2.700,47.852,42.480,27.539,32.520,194.971,160.840,5.371,4.980,1047.206,801.058,37.978
2.717,47.803,42.480,27.588,32.471,194.531,160.400,5.322,4.883,1035.347,783.205,37.957
2.733,47.852,42.578,27.490,32.520,194.238,161.133,5.273,5.029,1024.303,810.385,38.017
2.750,47.705,42.529,27.441,32.568,194.385,161.426,5.176,5.127,1006.093,827.622,38.010
2.767,47.607,42.529,27.588,32.422,195.410,161.426,5.078,4.834,992.317,780.330,37.957
2.783,47.607,42.480,27.490,32.520,194.824,159.961,5.127,5.029,998.855,804.491,37.989
2.800,47.559,42.480,27.539,32.422,195.996,160.693,5.078,4.883,995.293,784.636,37.949
2.817,47.510,42.529,27.539,32.471,195.117,160.693,4.980,4.932,971.775,792.482,37.987
2.833,47.461,42.480,27.637,32.666,196.436,161.426,4.980,5.029,978.341,811.858,38.053
2.850,47.461,42.578,27.490,32.471,195.557,160.547,4.883,4.980,954.866,799.599,38.021
2.867,47.363,42.480,27.539,32.520,194.971,160.840,4.883,4.980,952.005,801.058,37.978
2.883,47.266,42.529,27.588,32.471,194.971,160.840,4.736,4.883,923.445,785.351,37.982
2.900,47.266,42.432,27.588,32.471,195.117,160.693,4.834,4.883,943.193,784.636,37.933
2.917,47.168,42.432,27.539,32.422,195.996,160.693,4.736,4.883,928.302,784.636,37.922
2.933,47.168,42.529,27.490,32.666,193.945,160.840,4.639,5.176,899.649,832.472,38.058
2.950,47.168,42.432,27.490,32.520,193.652,161.426,4.736,5.029,917.201,811.858,37.925
2.967,47.070,42.480,27.490,32.471,193.506,162.158,4.590,4.980,888.162,807.624,37.917
2.983,46.924,42.432,27.490,32.520,193.799,161.133,4.492,5.029,870.581,810.385,37.932
3.000,47.021,42.529,27.490,32.568,194.971,160.400,4.492,5.078,875.845,814.533,38.033
3.017,46.875,42.383,27.588,32.324,193.506,161.133,4.492,4.736,869.265,763.178,37.813
3.033,46.875,42.432,27.539,32.471,192.627,161.133,4.443,4.932,855.911,794.649,37.895
3.050,46.875,42.334,27.539,32.471,194.092,161.133,4.541,4.932,881.374,794.649,37.860
3.067,46.875,42.432,27.539,32.520,193.506,160.986,4.443,4.980,859.816,801.787,37.930
3.083,46.875,42.480,27.539,32.422,193.066,159.668,4.395,4.883,848.436,779.629,37.927
3.100,46.875,42.334,27.490,32.471,192.627,160.547,4.541,4.980,874.722,799.599,37.850
3.117,46.875,42.432,27.588,32.520,191.162,160.840,4.443,4.932,849.402,793.204,37.903
3.133,46.875,42.334,27.539,32.568,192.627,160.107,4.541,5.029,874.722,805.228,37.901
3.150,46.826,42.480,27.539,32.471,191.748,160.693,4.346,4.932,833.280,792.482,37.917
3.167,46.826,42.334,27.441,32.520,190.723,161.426,4.492,5.078,856.762,819.740,37.835
3.183,46.826,42.383,27.588,32.520,192.334,161.133,4.443,4.932,854.609,794.649,37.886
3.200,46.729,42.285,27.539,32.422,191.455,160.254,4.443,4.883,850.704,782.490,37.791
3.217,46.680,42.285,27.637,32.373,191.309,160.107,4.395,4.736,840.712,758.321,37.769
3.233,46.631,42.236,27.539,32.520,191.748,160.693,4.395,4.980,842.643,800.328,37.806
3.250,46.533,42.236,27.539,32.324,192.334,160.107,4.297,4.785,826.435,766.139,37.733
3.267,46.631,42.188,27.588,32.471,191.748,161.279,4.443,4.883,852.005,787.497,37.748
3.283,46.436,42.236,27.490,32.520,191.602,161.426,4.199,5.029,804.577,811.858,37.793
3.300,46.484,42.139,27.637,32.471,192.041,159.961,4.346,4.834,834.553,773.249,37.745
3.317,46.582,42.139,27.588,32.422,191.748,159.961,4.443,4.834,852.005,773.249,37.719
3.333,46.484,42.139,27.539,32.422,192.188,160.986,4.346,4.883,835.190,786.066,37.709
3.350,46.387,42.041,27.539,32.471,190.137,160.693,4.346,4.932,826.278,792.482,37.657
3.367,46.338,42.139,27.539,32.471,190.430,160.400,4.199,4.932,799.656,791.037,37.718
3.383,46.387,42.041,27.539,32.471,191.455,159.521,4.346,4.932,832.007,786.703,37.691
3.400,46.240,42.041,27.539,32.422,190.723,159.668,4.199,4.883,800.886,779.629,37.658
3.417,46.338,41.943,27.588,32.373,190.576,159.814,4.395,4.785,837.493,764.737,37.578
3.433,46.240,41.992,27.588,32.422,189.697,159.814,4.248,4.834,805.843,772.541,37.616
3.450,46.240,41.943,27.441,32.422,190.430,160.107,4.297,4.980,818.253,797.410,37.594
3.467,46.191,41.992,27.588,32.373,189.697,159.961,4.199,4.785,796.580,765.438,37.592
3.483,46.143,41.992,27.539,32.373,190.430,160.400,4.150,4.834,790.358,775.373,37.594
3.500,46.094,41.992,27.539,32.422,189.551,159.814,4.102,4.883,777.454,780.344,37.614
3.517,46.143,41.943,27.686,32.324,190.430,160.693,4.199,4.639,799.656,745.404,37.541
3.533,46.094,41.797,27.686,32.275,190.576,160.107,4.297,4.590,818.882,734.868,37.450
3.550,45.947,41.748,27.637,32.373,190.430,160.547,4.199,4.736,799.656,760.403,37.460
3.567,45.996,41.797,27.588,32.471,190.869,160.840,4.199,4.883,801.501,785.351,37.532
3.583,45.898,41.797,27.490,32.324,189.990,160.693,4.102,4.834,779.257,776.789,37.456
3.600,45.850,41.650,27.588,32.373,190.430,160.107,4.199,4.785,799.656,766.139,37.413
3.617,45.947,41.699,27.588,32.373,189.258,160.693,4.248,4.785,803.976,768.943,37.417
3.633,45.801,41.650,27.588,32.422,189.258,160.107,4.150,4.834,785.494,773.957,37.421
3.650,45.898,41.748,27.588,32.227,189.844,160.107,4.150,4.639,787.926,742.686,37.392
3.667,45.850,41.650,27.539,32.373,189.990,160.400,4.199,4.834,797.811,775.373,37.403
3.683,45.850,41.699,27.588,32.275,190.869,161.133,4.150,4.688,792.181,755.310,37.385
3.700,45.752,41.699,27.490,32.373,190.283,160.107,4.053,4.883,771.167,781.775,37.438
3.717,45.801,41.602,27.637,32.227,189.990,159.668,4.199,4.590,797.811,732.851,37.321
3.733,45.801,41.553,27.588,32.275,188.232,159.814,4.248,4.688,799.620,749.130,37.293
3.750,45.654,41.553,27.637,32.373,188.672,160.840,4.102,4.736,773.849,761.790,37.328
3.767,45.703,41.455,27.637,32.227,189.258,160.400,4.248,4.590,803.976,736.213,37.222
3.783,45.801,41.455,27.588,32.227,189.697,160.547,4.346,4.639,824.368,744.724,37.225
3.800,45.605,41.406,27.490,32.227,189.258,160.400,4.199,4.736,794.735,759.709,37.195
3.817,45.654,41.455,27.637,32.129,189.404,160.254,4.199,4.492,795.350,719.891,37.181
3.833,45.654,41.406,27.637,32.227,188.525,160.693,4.248,4.590,800.865,737.557,37.182
3.850,45.459,41.357,27.588,32.227,188.818,160.400,4.102,4.639,774.450,744.045,37.164
3.867,45.605,41.406,27.637,32.275,189.551,161.133,4.199,4.639,795.965,747.442,37.211
3.883,45.654,41.357,27.686,32.178,188.232,160.254,4.297,4.492,808.811,719.891,37.136
3.900,45.508,41.309,27.637,32.227,187.500,159.961,4.199,4.590,787.354,734.196,37.127
3.917,45.605,41.309,27.686,32.129,187.793,159.375,4.297,4.443,806.923,708.160,37.094
3.933,45.703,41.260,27.637,32.227,188.818,159.961,4.443,4.590,838.988,734.196,37.117
3.950,45.459,41.211,27.637,32.275,188.818,159.814,4.248,4.639,802.109,741.327,37.115
3.967,45.459,41.211,27.637,32.178,188.379,159.961,4.248,4.541,800.242,726.385,37.063
3.983,45.508,41.260,27.539,32.129,189.111,159.668,4.248,4.590,803.354,732.851,37.080
4.000,45.459,41.211,27.588,31.982,189.111,160.254,4.248,4.395,803.354,704.241,36.978
4.017,45.508,41.162,27.637,32.031,189.111,160.693,4.346,4.395,821.822,706.172,36.968
4.033,45.459,41.113,27.686,31.982,188.965,159.375,4.346,4.297,821.185,684.814,36.936
4.050,45.361,41.064,27.588,32.129,188.818,159.814,4.297,4.541,811.329,725.720,36.968
4.067,45.361,41.162,27.588,32.080,188.379,160.254,4.199,4.492,791.044,719.891,36.987
4.083,45.410,41.113,27.637,31.982,188.965,159.668,4.297,4.346,811.958,693.870,36.932
4.100,45.361,41.064,27.588,32.178,187.793,159.961,4.297,4.590,806.923,734.196,36.977
4.117,45.361,40.967,27.637,32.080,188.086,160.107,4.395,4.443,826.550,711.415,36.880
4.133,45.410,41.016,27.637,32.080,188.379,159.375,4.395,4.443,827.837,708.160,36.920
4.150,45.215,41.064,27.637,32.031,189.990,159.961,4.150,4.395,788.534,702.953,36.935
4.167,45.313,40.918,27.637,31.982,189.844,159.668,4.395,4.346,834.274,693.870,36.836
4.183,45.361,40.967,27.637,31.934,188.525,159.375,4.395,4.297,828.481,684.814,36.829
4.200,45.361,40.967,27.686,32.080,188.232,159.961,4.395,4.395,827.193,702.953,36.884
4.217,45.313,40.967,27.637,32.031,189.111,160.107,4.346,4.395,821.822,703.597,36.870
4.233,45.264,40.869,27.637,32.080,187.939,160.254,4.395,4.443,825.906,712.066,36.824
4.250,45.166,40.918,27.637,32.031,187.500,160.107,4.248,4.395,796.509,703.597,36.825
4.267,45.264,40.869,27.686,31.982,187.500,160.107,4.395,4.297,823.975,687.962,36.776
4.283,45.313,40.771,27.686,31.934,187.939,159.961,4.541,4.248,853.436,679.522,36.708
4.300,45.361,40.820,27.637,31.982,188.379,159.375,4.541,4.346,855.432,692.596,36.770
4.317,45.459,40.869,27.686,31.982,188.379,159.521,4.590,4.297,864.630,685.444,36.794
4.333,45.459,40.771,27.686,31.934,189.551,159.814,4.688,4.248,888.519,678.899,36.729
4.350,45.605,40.771,27.686,31.934,189.258,159.961,4.834,4.248,914.869,679.522,36.723
4.367,45.703,40.820,27.686,31.934,187.646,159.668,4.883,4.248,916.243,678.277,36.735
4.383,45.703,40.674,27.686,31.885,188.525,159.375,5.029,4.199,948.150,669.250,36.648
4.400,46.045,40.723,27.588,32.031,187.646,160.840,5.322,4.443,998.704,714.669,36.711
4.417,45.996,40.723,27.637,31.836,187.646,159.814,5.273,4.199,989.542,671.096,36.635
4.433,46.191,40.723,27.686,31.934,186.768,159.375,5.469,4.248,1021.385,677.032,36.676
4.450,46.240,40.625,27.783,31.787,187.207,159.814,5.615,4.004,1051.211,639.882,36.555
4.467,46.387,40.674,27.686,31.885,187.500,159.375,5.713,4.199,1071.167,669.250,36.636
4.483,46.484,40.625,27.637,31.982,187.793,159.375,5.859,4.346,1100.349,692.596,36.657
4.500,46.631,40.625,27.637,31.885,188.086,159.668,6.006,4.248,1129.618,678.277,36.612
4.517,46.826,40.625,27.734,31.836,187.793,159.375,6.201,4.102,1164.536,653.687,36.590
4.533,46.875,40.625,27.734,31.836,187.500,159.521,6.250,4.102,1171.875,654.287,36.585
4.550,46.875,40.625,27.686,31.738,187.354,160.547,6.250,4.053,1170.959,650.654,36.524
4.567,46.875,40.625,27.686,31.787,187.500,159.814,6.250,4.102,1171.875,655.489,36.558
4.583,47.119,40.625,27.441,31.885,186.475,159.521,6.494,4.443,1210.992,708.811,36.595
4.600,47.363,40.625,27.686,31.836,187.500,159.375,6.738,4.150,1263.428,661.469,36.587
4.617,47.412,40.625,27.734,31.738,187.500,159.375,6.787,4.004,1272.583,638.123,36.542
4.633,47.559,40.625,27.734,31.787,187.500,159.668,6.934,4.053,1300.049,647.092,36.560
4.650,47.803,40.625,27.734,31.738,187.793,160.400,7.178,4.004,1347.928,642.228,36.531
4.667,47.900,40.625,27.734,31.787,187.500,159.375,7.275,4.053,1364.136,645.905,36.564
4.683,47.998,40.625,27.734,31.787,187.207,160.986,7.373,4.053,1380.286,652.435,36.539
4.700,48.145,40.625,27.734,31.738,186.328,160.254,7.520,4.004,1401.100,641.642,36.516
4.717,48.340,40.625,27.734,31.738,186.914,159.814,7.715,4.004,1442.013,639.882,36.529
4.733,48.486,40.625,27.686,31.689,187.354,159.375,7.861,4.004,1472.847,638.123,36.518
4.750,48.535,40.625,27.734,31.641,186.914,159.375,7.910,3.906,1478.519,622.559,36.490
4.767,48.682,40.625,27.588,31.738,185.742,159.375,8.057,4.150,1496.458,661.469,36.521
4.783,48.828,40.625,27.783,31.934,185.303,159.668,8.203,4.150,1520.061,662.684,36.602
4.800,48.926,40.625,27.686,31.689,186.328,159.521,8.301,4.004,1546.669,638.709,36.504
4.817,49.023,40.625,27.734,31.738,184.863,160.107,8.398,4.004,1552.563,641.055,36.501
4.833,49.170,40.625,27.637,31.689,185.742,160.400,8.545,4.053,1587.152,650.060,36.484
4.850,49.170,40.625,27.588,31.689,185.010,159.814,8.545,4.102,1580.894,655.489,36.484
4.867,49.268,40.625,27.686,31.738,185.889,160.986,8.643,4.053,1606.557,652.435,36.501
4.883,49.414,40.625,27.686,31.641,184.717,159.814,8.789,3.955,1623.487,632.079,36.458
4.900,49.463,40.625,27.637,31.787,185.449,159.375,8.838,4.150,1638.980,661.469,36.540
4.917,49.512,40.625,27.686,31.641,185.303,159.375,8.887,3.955,1646.733,630.341,36.471
4.933,49.561,40.625,27.588,31.689,185.010,159.521,8.936,4.102,1653.163,654.287,36.488
4.950,49.707,40.625,27.637,31.738,184.717,159.668,9.082,4.102,1677.604,654.888,36.505
4.967,49.805,40.625,27.686,31.543,184.424,160.107,9.180,3.857,1692.953,617.602,36.404
4.983,49.805,40.625,27.686,31.689,184.131,159.375,9.180,4.004,1690.264,638.123,36.479
5.000,49.854,40.771,27.637,31.689,183.398,159.375,9.082,4.053,1665.630,645.905,36.549
5.017,49.951,40.625,27.686,31.689,183.398,159.082,9.326,4.004,1710.405,636.950,36.474
5.033,49.951,40.771,27.637,31.592,184.131,158.936,9.180,3.955,1690.264,628.603,36.519
5.050,50.000,40.674,27.686,31.689,183.984,159.375,9.326,4.004,1715.870,638.123,36.504
5.067,50.000,40.723,27.734,31.641,183.545,159.375,9.277,3.906,1702.809,622.559,36.502
5.083,50.000,40.820,27.637,31.689,183.984,158.936,9.180,4.053,1688.919,644.124,36.588
5.100,50.000,40.918,27.686,31.689,182.959,159.375,9.082,4.004,1661.639,638.123,36.622
5.117,50.000,40.869,27.686,31.738,183.105,159.375,9.131,4.053,1671.910,645.905,36.620
5.133,50.000,40.918,27.783,31.689,185.156,159.375,9.082,3.906,1681.595,622.559,36.649
5.150,50.000,41.016,27.637,31.592,182.520,159.375,8.984,3.955,1639.824,630.341,36.623
5.167,50.049,40.967,27.734,31.689,181.348,159.375,9.082,3.955,1647.005,630.341,36.627
5.183,50.000,40.967,27.783,31.738,182.666,159.375,9.033,3.955,1650.059,630.341,36.667
5.200,50.000,40.967,27.686,31.738,181.494,158.789,9.033,4.053,1639.473,643.530,36.660
5.217,50.098,41.113,27.686,31.689,180.469,159.375,8.984,4.004,1621.399,638.123,36.694
5.233,50.098,41.113,27.734,31.641,180.322,158.936,8.984,3.906,1620.083,620.842,36.676
5.250,50.146,41.211,27.637,31.689,180.176,157.617,8.936,4.053,1609.969,638.781,36.768
5.267,50.244,41.162,27.734,31.787,180.176,157.910,9.082,4.053,1636.362,639.968,36.783
5.283,50.146,41.260,27.637,31.738,180.469,158.057,8.887,4.102,1603.775,648.279,36.814
5.300,50.195,41.211,27.686,31.738,180.176,157.471,8.984,4.053,1618.767,638.187,36.793
5.317,50.195,41.406,27.734,31.738,180.176,158.057,8.789,4.004,1583.576,632.844,36.888
5.333,50.195,41.406,27.734,31.787,180.176,158.350,8.789,4.053,1583.576,641.749,36.907
5.350,50.146,41.406,27.734,31.738,180.029,157.617,8.740,4.004,1573.498,631.084,36.893
5.367,50.195,41.455,27.734,31.787,180.029,157.910,8.740,4.053,1573.498,639.968,36.937
5.383,50.195,41.553,27.686,31.738,179.883,158.643,8.643,4.053,1554.651,642.936,36.953
5.400,50.244,41.553,27.734,31.738,179.736,158.057,8.691,4.004,1562.161,632.844,36.960
5.417,50.146,41.602,27.734,31.787,179.443,158.350,8.545,4.053,1533.329,641.749,37.001
5.433,50.195,41.553,27.734,31.836,179.443,158.057,8.643,4.102,1550.853,648.279,37.002
5.450,50.195,41.699,27.686,31.836,180.469,157.617,8.496,4.150,1533.279,654.173,37.101
5.467,50.293,41.699,27.734,31.689,180.469,158.057,8.594,3.955,1550.903,625.126,37.026
5.483,50.244,41.846,27.832,31.738,180.322,157.764,8.398,3.906,1514.425,616.264,37.129
5.500,50.146,41.748,27.783,31.836,179.590,157.910,8.398,4.053,1508.274,639.968,37.110
5.517,50.195,41.846,27.686,31.787,180.615,157.471,8.350,4.102,1508.067,645.876,37.161
5.533,50.146,41.797,27.686,31.836,180.908,157.617,8.350,4.150,1510.513,654.173,37.159
5.550,50.146,41.943,27.734,31.738,181.055,158.057,8.203,4.004,1485.214,632.844,37.187
5.567,50.244,41.943,27.686,31.885,181.787,157.764,8.301,4.199,1508.975,662.484,37.270
5.583,50.195,41.992,27.637,31.934,181.641,157.764,8.203,4.297,1490.021,677.891,37.317
5.600,50.195,41.895,27.637,31.885,181.494,158.057,8.301,4.248,1506.543,671.432,37.235
5.617,50.049,42.041,27.734,31.934,181.055,158.057,8.008,4.199,1449.852,663.714,37.330
5.633,50.098,41.895,27.783,31.836,181.641,158.203,8.203,4.053,1490.021,641.155,37.212
5.650,50.098,42.139,27.734,31.982,181.055,157.324,7.959,4.248,1441.011,668.321,37.417
5.667,50.000,42.188,27.734,31.934,181.934,157.471,7.813,4.199,1421.356,661.254,37.430
5.683,50.000,42.188,27.637,31.982,180.615,158.350,7.813,4.346,1411.057,688.140,37.420
5.700,50.000,42.188,27.637,32.080,181.055,157.910,7.813,4.443,1414.490,701.652,37.479
5.717,50.000,42.285,27.686,31.982,180.029,158.350,7.715,4.297,1388.898,680.408,37.464
5.733,50.000,42.383,27.734,31.885,180.762,157.910,7.617,4.150,1376.896,655.389,37.488
5.750,50.000,42.334,27.686,31.982,180.029,157.031,7.666,4.297,1380.107,674.744,37.511
5.767,50.000,42.334,27.734,32.080,175.635,158.057,7.666,4.346,1346.419,686.867,37.477
5.783,50.000,42.432,27.734,32.031,172.852,157.324,7.568,4.297,1308.203,676.003,37.476
5.800,50.000,42.383,27.686,32.129,172.266,157.617,7.617,4.443,1312.180,700.350,37.484
5.817,50.000,42.432,27.686,32.031,171.533,158.057,7.568,4.346,1298.225,686.867,37.444
5.833,50.000,42.432,27.783,32.080,170.947,158.350,7.568,4.297,1293.790,680.408,37.454
5.850,50.000,42.529,27.686,32.129,171.240,157.910,7.471,4.443,1279.285,701.652,37.540
5.867,49.951,42.627,27.686,32.129,171.094,157.617,7.324,4.443,1253.128,700.350,37.593
5.883,49.902,42.627,27.734,32.178,172.119,156.885,7.275,4.443,1252.234,697.095,37.644
5.900,49.854,42.578,27.686,32.275,172.266,157.178,7.275,4.590,1253.300,721.421,37.663
5.917,49.805,42.529,27.686,32.031,171.387,157.324,7.275,4.346,1246.905,683.684,37.505
5.933,49.805,42.627,27.734,32.031,170.508,156.885,7.178,4.297,1223.860,674.114,37.550
5.950,49.658,42.627,27.686,32.227,170.801,156.885,7.031,4.541,1200.943,712.416,37.648
5.967,49.609,42.676,27.783,32.324,171.387,157.031,6.934,4.541,1188.326,713.081,37.726
5.983,49.609,42.773,27.686,32.178,170.801,156.738,6.836,4.492,1167.583,704.098,37.703
6.000,49.561,42.725,27.734,32.080,170.801,156.445,6.836,4.346,1167.583,679.865,37.636
6.017,49.512,42.725,27.783,32.178,171.240,157.178,6.787,4.395,1162.226,690.722,37.677
6.033,49.463,42.773,27.734,32.275,171.094,157.324,6.689,4.541,1144.524,714.412,37.744
6.050,49.414,42.773,27.734,32.227,170.361,156.738,6.641,4.492,1131.306,704.098,37.720
6.067,49.365,42.725,27.783,32.227,169.043,157.031,6.641,4.443,1122.551,697.746,37.669
6.083,49.268,42.822,27.783,32.422,169.043,156.445,6.445,4.639,1089.535,725.698,37.823
6.100,49.121,42.822,27.783,32.275,170.215,156.592,6.299,4.492,1072.154,703.440,37.769
6.117,49.121,42.773,27.783,32.275,170.215,157.471,6.348,4.492,1080.465,707.388,37.729
6.133,49.072,42.920,27.588,32.324,169.189,156.592,6.152,4.736,1040.912,741.670,37.827
6.150,49.072,42.822,27.734,32.227,169.482,156.738,6.250,4.492,1059.265,704.098,37.731
6.167,49.023,42.920,27.783,32.373,168.750,157.471,6.104,4.590,1029.968,722.766,37.829
6.183,48.877,42.969,27.686,32.275,168.896,156.006,5.908,4.590,997.875,716.043,37.834
6.200,48.779,42.920,27.832,32.178,169.629,156.152,5.859,4.346,993.919,678.592,37.771
6.217,48.730,43.018,27.686,32.422,168.164,157.031,5.713,4.736,960.703,743.752,37.901
6.233,48.730,42.920,27.734,32.422,168.018,156.299,5.811,4.688,976.274,732.651,37.861
6.250,48.682,42.822,27.783,32.275,168.750,156.738,5.859,4.492,988.770,704.098,37.743
6.267,48.486,42.969,27.734,32.422,168.750,156.152,5.518,4.688,931.091,731.964,37.900
6.283,48.535,42.871,27.734,32.324,168.750,156.445,5.664,4.590,955.811,718.060,37.797
6.300,48.389,42.822,27.783,32.373,169.775,157.324,5.566,4.590,945.039,722.094,37.797
6.317,48.242,42.920,27.832,32.422,169.189,157.178,5.322,4.590,900.471,721.421,37.864
6.333,48.291,42.920,27.686,32.324,169.189,157.031,5.371,4.639,908.732,728.416,37.820
6.350,48.193,42.871,27.783,32.373,168.604,157.178,5.322,4.590,897.353,721.421,37.806
6.367,48.193,42.920,27.930,32.422,168.896,156.738,5.273,4.492,890.665,704.098,37.867
6.383,48.047,42.969,27.734,32.324,168.018,156.152,5.078,4.590,853.214,716.715,37.841
6.400,48.047,42.871,27.734,32.275,168.750,156.592,5.176,4.541,873.413,711.086,37.771
6.417,48.047,42.920,27.734,32.373,168.457,156.738,5.127,4.639,863.671,727.057,37.837
6.433,47.900,42.920,27.783,32.422,168.750,157.031,4.980,4.639,840.454,728.416,37.860
6.450,47.852,42.822,27.783,32.422,169.775,156.738,5.029,4.639,853.851,727.057,37.830
6.467,47.852,42.822,27.734,32.471,168.750,157.324,5.029,4.736,848.694,745.139,37.828
6.483,47.705,42.871,27.832,32.373,168.896,157.178,4.834,4.541,816.443,713.747,37.811
6.500,47.656,42.773,27.783,32.373,168.896,156.738,4.883,4.590,824.690,719.404,37.767
6.517,47.656,42.822,27.832,32.373,168.896,156.445,4.834,4.541,816.443,710.421,37.798
6.533,47.559,42.773,27.783,32.227,168.018,157.178,4.785,4.443,803.990,698.397,37.676
6.550,47.607,42.725,27.832,32.520,168.457,156.738,4.883,4.688,822.544,734.711,37.806
6.567,47.510,42.871,27.783,32.471,168.750,156.592,4.639,4.688,782.776,734.024,37.865
6.583,47.461,42.871,27.734,32.373,169.043,155.859,4.590,4.639,775.881,722.980,37.835
6.600,47.314,42.773,27.881,32.373,169.043,156.885,4.541,4.492,767.627,704.756,37.767
6.617,47.314,42.676,27.734,32.471,168.750,157.031,4.639,4.736,782.776,743.752,37.757
6.633,47.266,42.822,27.783,32.471,167.725,157.764,4.443,4.688,745.261,739.517,37.805
6.650,47.217,42.676,27.734,32.422,168.311,156.445,4.541,4.688,764.301,733.337,37.736
6.667,47.217,42.725,27.686,32.471,169.336,156.885,4.492,4.785,760.689,750.718,37.793
6.683,47.021,42.773,27.881,32.471,168.750,157.471,4.248,4.590,716.858,722.766,37.800
6.700,47.119,42.725,27.832,32.422,168.896,157.178,4.395,4.590,742.221,721.421,37.758
6.717,46.924,42.578,27.832,32.471,168.604,157.031,4.346,4.639,732.701,728.416,37.704
6.733,46.973,42.725,27.832,32.471,168.896,157.910,4.248,4.639,717.480,732.493,37.770
6.750,46.924,42.578,27.881,32.471,168.750,157.471,4.346,4.590,733.337,722.766,37.699
6.767,46.924,42.578,27.783,32.373,168.457,156.738,4.346,4.590,732.064,719.404,37.659
6.783,46.875,42.627,27.832,32.471,168.311,157.617,4.248,4.639,714.991,731.134,37.715
6.800,46.875,42.578,27.832,32.422,168.750,156.592,4.297,4.590,725.098,718.732,37.690
6.817,46.875,42.578,27.881,32.471,168.750,156.152,4.297,4.590,725.098,716.715,37.720
6.833,46.875,42.578,27.832,32.471,167.432,156.299,4.297,4.639,719.433,725.019,37.698
6.850,46.875,42.480,27.930,32.373,168.457,156.592,4.395,4.443,740.290,695.794,37.611
6.867,46.875,42.432,27.881,32.373,168.604,157.471,4.443,4.492,749.166,707.388,37.574
6.883,46.875,42.627,27.734,32.422,168.750,156.738,4.248,4.688,716.858,734.711,37.713
6.900,46.875,42.432,27.979,32.324,168.164,157.031,4.443,4.346,747.213,682.411,37.551
6.917,46.777,42.432,27.783,32.471,168.750,155.859,4.346,4.688,733.337,730.591,37.649
6.933,46.777,42.529,27.881,32.422,168.750,156.299,4.248,4.541,716.858,709.755,37.669
6.950,46.729,42.383,27.832,32.422,167.725,156.738,4.346,4.590,728.881,719.404,37.571
6.967,46.777,42.334,27.881,32.373,167.139,155.566,4.443,4.492,742.657,698.833,37.532
6.983,46.729,42.334,27.930,32.422,168.018,156.299,4.395,4.492,738.358,702.124,37.557
7.000,46.631,42.432,27.832,32.373,167.578,156.445,4.199,4.541,703.697,710.421,37.575
7.017,46.680,42.334,27.832,32.324,168.164,156.299,4.346,4.492,730.791,702.124,37.512
7.033,46.582,42.236,27.881,32.373,168.750,156.738,4.346,4.492,733.337,704.098,37.487
7.050,46.533,42.334,27.881,32.324,167.871,156.885,4.199,4.443,704.927,697.095,37.498
7.067,46.533,42.285,27.832,32.373,167.432,156.885,4.248,4.541,711.257,712.416,37.490
7.083,46.484,42.285,27.881,32.373,167.725,156.885,4.199,4.492,704.312,704.756,37.495
7.100,46.484,42.139,27.881,32.422,168.164,155.859,4.346,4.541,730.791,707.760,37.465
7.117,46.387,42.139,27.832,32.373,167.285,156.445,4.248,4.541,710.635,710.421,37.419
7.133,46.387,42.139,27.881,32.324,167.139,156.006,4.248,4.443,710.013,693.190,37.401
7.150,46.338,42.139,27.783,32.373,167.432,155.713,4.199,4.590,703.082,714.698,37.433
7.167,46.387,42.090,27.881,32.422,167.285,155.859,4.297,4.541,718.803,707.760,37.427
7.183,46.289,41.992,27.734,32.422,168.457,156.152,4.297,4.688,723.839,731.964,37.388
7.200,46.191,42.139,27.979,32.373,167.285,156.592,4.053,4.395,677.962,688.148,37.417
7.217,46.191,42.090,28.027,32.422,168.018,156.592,4.102,4.395,689.135,688.148,37.426
7.233,46.240,41.992,27.881,32.471,168.750,156.006,4.248,4.590,716.858,716.043,37.418
7.250,46.143,41.992,27.881,32.275,167.139,155.420,4.150,4.395,693.691,682.998,37.310
7.267,46.191,41.895,27.783,32.227,168.018,155.566,4.297,4.443,721.951,691.237,37.247
7.283,46.240,41.992,27.783,32.324,168.604,156.006,4.248,4.541,716.236,708.425,37.346
7.300,46.191,41.846,27.930,32.324,168.750,156.885,4.346,4.395,733.337,689.435,37.258
7.317,46.143,41.895,27.930,32.324,167.285,156.592,4.248,4.395,710.635,688.148,37.267
7.333,46.094,41.846,28.027,32.324,167.139,155.859,4.248,4.297,710.013,669.708,37.251
7.350,46.045,41.797,27.930,32.275,167.432,156.299,4.248,4.346,711.257,679.228,37.200
7.367,46.045,41.797,27.881,32.275,167.578,157.324,4.248,4.395,711.880,691.366,37.186
7.383,45.996,41.748,27.881,32.373,166.553,157.324,4.248,4.492,707.524,706.730,37.194
7.400,45.996,41.797,27.832,32.275,168.311,156.592,4.199,4.443,706.773,695.794,37.208
7.417,45.947,41.699,27.881,32.178,167.578,156.738,4.248,4.297,711.880,673.485,37.098
7.433,45.947,41.650,27.881,32.324,167.432,157.178,4.297,4.443,719.433,698.397,37.135
7.450,45.898,41.699,27.783,32.275,167.578,156.152,4.199,4.492,703.697,701.466,37.154
7.467,45.850,41.650,27.881,32.275,166.113,154.834,4.199,4.395,697.546,680.423,37.128
7.483,45.898,41.553,27.881,32.324,167.139,154.980,4.346,4.443,726.335,688.634,37.113
7.500,45.850,41.504,27.881,32.178,167.871,154.688,4.346,4.297,729.518,664.673,37.031
7.517,45.850,41.553,27.930,32.227,168.311,154.541,4.297,4.297,723.209,664.043,37.089
7.533,45.801,41.455,27.588,32.178,167.725,155.127,4.346,4.590,728.881,712.008,36.997
7.550,45.801,41.504,27.930,32.178,167.285,154.541,4.297,4.248,718.803,656.497,37.025
7.567,45.850,41.553,27.930,32.227,167.139,154.688,4.297,4.297,718.174,664.673,37.070
7.583,45.801,41.406,27.979,32.129,167.432,154.688,4.395,4.150,735.784,642.014,36.951
7.600,45.801,41.357,27.930,32.275,166.406,154.102,4.443,4.346,739.403,669.680,36.991
7.617,45.557,41.357,27.881,32.227,164.941,154.248,4.199,4.346,692.625,670.316,36.945
7.633,45.703,41.309,27.881,32.129,166.406,154.541,4.395,4.248,731.277,656.497,36.888
7.650,45.654,41.309,27.881,32.178,167.725,154.541,4.346,4.297,728.881,664.043,36.930
7.667,45.654,41.260,27.979,32.129,166.406,154.980,4.395,4.150,731.277,643.229,36.857
7.683,45.654,41.406,28.125,32.129,167.139,154.980,4.248,4.004,710.013,620.527,36.943
7.700,45.703,41.260,27.930,32.129,166.553,154.541,4.443,4.199,740.054,648.952,36.865
7.717,45.557,41.260,27.930,32.129,167.432,154.541,4.297,4.199,719.433,648.952,36.877
7.733,45.557,41.260,27.832,31.982,165.967,154.248,4.297,4.150,713.139,640.190,36.791
7.750,45.557,41.211,27.930,31.982,166.406,154.395,4.346,4.053,723.152,625.720,36.769
7.767,45.654,41.113,27.979,31.934,165.820,155.127,4.541,3.955,752.993,613.539,36.676
7.783,45.508,41.211,27.881,32.178,167.578,154.688,4.297,4.297,720.062,664.673,36.875
7.800,45.557,41.260,27.979,32.080,167.725,154.248,4.297,4.102,720.692,632.658,36.862
7.817,45.508,41.113,28.027,32.129,166.553,154.834,4.395,4.102,731.921,635.061,36.785
7.833,45.605,41.064,27.832,32.031,166.260,154.834,4.541,4.199,754.988,650.182,36.709
7.850,45.459,41.113,27.783,32.080,165.967,154.395,4.346,4.297,721.242,663.414,36.760
7.867,45.605,40.967,28.027,32.031,165.088,154.541,4.639,4.004,765.789,618.768,36.646
7.883,45.459,41.064,27.881,32.080,165.234,154.980,4.395,4.199,726.128,650.797,36.716
7.900,45.459,41.016,27.979,31.982,165.381,154.541,4.443,4.004,734.847,618.768,36.652
7.917,45.508,41.016,27.930,31.982,166.406,154.834,4.492,4.053,747.528,627.501,36.662
7.933,45.361,40.918,27.979,31.982,166.113,155.127,4.443,4.004,738.101,621.114,36.603
7.950,45.410,40.869,27.930,32.031,165.527,154.541,4.541,4.102,751.662,633.860,36.602
7.967,45.410,40.869,27.881,31.982,165.674,152.930,4.541,4.102,752.327,627.251,36.604
7.983,45.410,40.918,27.930,32.080,164.941,154.395,4.492,4.150,740.948,640.798,36.645
8.000,45.361,40.869,27.979,31.982,165.527,154.102,4.492,4.004,743.580,617.008,36.585
8.017,45.410,40.918,28.027,31.982,165.088,154.395,4.492,3.955,741.606,610.642,36.600
8.033,  NaN,  NaN,  NaN,  NaN,  NaN,  NaN,  NaN,  NaN,  NaN,  NaN,  NaN
8.050,  NaN,  NaN,  NaN,  NaN,  NaN,  NaN,  NaN,  NaN,  NaN,  NaN,  NaN
8.067,  NaN,  NaN,  NaN,  NaN,  NaN,  NaN,  NaN,  NaN,  NaN,  NaN,  NaN
8.083,  NaN,  NaN,  NaN,  NaN,  NaN,  NaN,  NaN,  NaN,  NaN,  NaN,  NaN
8.100,  NaN,  NaN,  NaN,  NaN,  NaN,  NaN,  NaN,  NaN,  NaN,  NaN,  NaN
8.117,  NaN,  NaN,  NaN,  NaN,  NaN,  NaN,  NaN,  NaN,  NaN,  NaN,  NaN
8.133,  NaN,  NaN,  NaN,  NaN,  NaN,  NaN,  NaN,  NaN,  NaN,  NaN,  NaN
8.150,  NaN,  NaN,  NaN,  NaN,  NaN,  NaN,  NaN,  NaN,  NaN,  NaN,  NaN
8.167,  NaN,  NaN,  NaN,  NaN,  NaN,  NaN,  NaN,  NaN,  NaN,  NaN,  NaN
8.183,  NaN,  NaN,  NaN,  NaN,  NaN,  NaN,  NaN,  NaN,  NaN,  NaN,  NaN
8.200,  NaN,  NaN,  NaN,  NaN,  NaN,  NaN,  NaN,  NaN,  NaN,  NaN,  NaN
8.217,  NaN,  NaN,  NaN,  NaN,  NaN,  NaN,  NaN,  NaN,  NaN,  NaN,  NaN
8.233,  NaN,  NaN,  NaN,  NaN,  NaN,  NaN,  NaN,  NaN,  NaN,  NaN,  NaN
8.250,  NaN,  NaN,  NaN,  NaN,  NaN,  NaN,  NaN,  NaN,  NaN,  NaN,  NaN
8.267,  NaN,  NaN,  NaN,  NaN,  NaN,  NaN,  NaN,  NaN,  NaN,  NaN,  NaN
8.283,  NaN,  NaN,  NaN,  NaN,  NaN,  NaN,  NaN,  NaN,  NaN,  NaN,  NaN
8.300,  NaN,  NaN,  NaN,  NaN,  NaN,  NaN,  NaN,  NaN,  NaN,  NaN,  NaN
8.317,  NaN,  NaN,  NaN,  NaN,  NaN,  NaN,  NaN,  NaN,  NaN,  NaN,  NaN
8.333,  NaN,  NaN,  NaN,  NaN,  NaN,  NaN,  NaN,  NaN,  NaN,  NaN,  NaN
8.350,  NaN,  NaN,  NaN,  NaN,  NaN,  NaN,  NaN,  NaN,  NaN,  NaN,  NaN
8.367,  NaN,  NaN,  NaN,  NaN,  NaN,  NaN,  NaN,  NaN,  NaN,  NaN,  NaN
8.383,  NaN,  NaN,  NaN,  NaN,  NaN,  NaN,  NaN,  NaN,  NaN,  NaN,  NaN
8.400,  NaN,  NaN,  NaN,  NaN,  NaN,  NaN,  NaN,  NaN,  NaN,  NaN,  NaN
8.417,  NaN,  NaN,  NaN,  NaN,  NaN,  NaN,  NaN,  NaN,  NaN,  NaN,  NaN
8.433,  NaN,  NaN,  NaN,  NaN,  NaN,  NaN,  NaN,  NaN,  NaN,  NaN,  NaN
8.450,  NaN,  NaN,  NaN,  NaN,  NaN,  NaN,  NaN,  NaN,  NaN,  NaN,  NaN
8.467,  NaN,  NaN,  NaN,  NaN,  NaN,  NaN,  NaN,  NaN,  NaN,  NaN,  NaN
8.483,  NaN,  NaN,  NaN,  NaN,  NaN,  NaN,  NaN,  NaN,  NaN,  NaN,  NaN
8.500,  NaN,  NaN,  NaN,  NaN,  NaN,  NaN,  NaN,  NaN,  NaN,  NaN,  NaN
8.517,  NaN,  NaN,  NaN,  NaN,  NaN,  NaN,  NaN,  NaN,  NaN,  NaN,  NaN
8.533,  NaN,  NaN,  NaN,  NaN,  NaN,  NaN,  NaN,  NaN,  NaN,  NaN,  NaN
8.550,  NaN,  NaN,  NaN,  NaN,  NaN,  NaN,  NaN,  NaN,  NaN,  NaN,  NaN
8.567,  NaN,  NaN,  NaN,  NaN,  NaN,  NaN,  NaN,  NaN,  NaN,  NaN,  NaN
8.583,  NaN,  NaN,  NaN,  NaN,  NaN,  NaN,  NaN,  NaN,  NaN,  NaN,  NaN
8.600,  NaN,  NaN,  NaN,  NaN,  NaN,  NaN,  NaN,  NaN,  NaN,  NaN,  NaN
8.617,  NaN,  NaN,  NaN,  NaN,  NaN,  NaN,  NaN,  NaN,  NaN,  NaN,  NaN
8.633,  NaN,  NaN,  NaN,  NaN,  NaN,  NaN,  NaN,  NaN,  NaN,  NaN,  NaN
8.650,  NaN,  NaN,  NaN,  NaN,  NaN,  NaN,  NaN,  NaN,  NaN,  NaN,  NaN
8.667,  NaN,  NaN,  NaN,  NaN,  NaN,  NaN,  NaN,  NaN,  NaN,  NaN,  NaN
8.683,  NaN,  NaN,  NaN,  NaN,  NaN,  NaN,  NaN,  NaN,  NaN,  NaN,  NaN
8.700,  NaN,  NaN,  NaN,  NaN,  NaN,  NaN,  NaN,  NaN,  NaN,  NaN,  NaN
8.717,  NaN,  NaN,  NaN,  NaN,  NaN,  NaN,  NaN,  NaN,  NaN,  NaN,  NaN
8.733,  NaN,  NaN,  NaN,  NaN,  NaN,  NaN,  NaN,  NaN,  NaN,  NaN,  NaN
8.750,  NaN,  NaN,  NaN,  NaN,  NaN,  NaN,  NaN,  NaN,  NaN,  NaN,  NaN
8.767,  NaN,  NaN,  NaN,  NaN,  NaN,  NaN,  NaN,  NaN,  NaN,  NaN,  NaN
8.783,  NaN,  NaN,  NaN,  NaN,  NaN,  NaN,  NaN,  NaN,  NaN,  NaN,  NaN
8.800,  NaN,  NaN,  NaN,  NaN,  NaN,  NaN,  NaN,  NaN,  NaN,  NaN,  NaN
8.817,  NaN,  NaN,  NaN,  NaN,  NaN,  NaN,  NaN,  NaN,  NaN,  NaN,  NaN
8.833,  NaN,  NaN,  NaN,  NaN,  NaN,  NaN,  NaN,  NaN,  NaN,  NaN,  NaN
8.850,  NaN,  NaN,  NaN,  NaN,  NaN,  NaN,  NaN,  NaN,  NaN,  NaN,  NaN
8.867,  NaN,  NaN,  NaN,  NaN,  NaN,  NaN,  NaN,  NaN,  NaN,  NaN,  NaN
8.883,  NaN,  NaN,  NaN,  NaN,  NaN,  NaN,  NaN,  NaN,  NaN,  NaN,  NaN
8.900,  NaN,  NaN,  NaN,  NaN,  NaN,  NaN,  NaN,  NaN,  NaN,  NaN,  NaN
8.917,  NaN,  NaN,  NaN,  NaN,  NaN,  NaN,  NaN,  NaN,  NaN,  NaN,  NaN
8.933,  NaN,  NaN,  NaN,  NaN,  NaN,  NaN,  NaN,  NaN,  NaN,  NaN,  NaN
8.950,  NaN,  NaN,  NaN,  NaN,  NaN,  NaN,  NaN,  NaN,  NaN,  NaN,  NaN
8.967,  NaN,  NaN,  NaN,  NaN,  NaN,  NaN,  NaN,  NaN,  NaN,  NaN,  NaN
8.983,  NaN,  NaN,  NaN,  NaN,  NaN,  NaN,  NaN,  NaN,  NaN,  NaN,  NaN
9.000,  NaN,  NaN,  NaN,  NaN,  NaN,  NaN,  NaN,  NaN,  NaN,  NaN,  NaN
9.017,  NaN,  NaN,  NaN,  NaN,  NaN,  NaN,  NaN,  NaN,  NaN,  NaN,  NaN
9.033,  NaN,  NaN,  NaN,  NaN,  NaN,  NaN,  NaN,  NaN,  NaN,  NaN,  NaN
9.050,  NaN,  NaN,  NaN,  NaN,  NaN,  NaN,  NaN,  NaN,  NaN,  NaN,  NaN
9.067,  NaN,  NaN,  NaN,  NaN,  NaN,  NaN,  NaN,  NaN,  NaN,  NaN,  NaN
9.083,  NaN,  NaN,  NaN,  NaN,  NaN,  NaN,  NaN,  NaN,  NaN,  NaN,  NaN
9.100,  NaN,  NaN,  NaN,  NaN,  NaN,  NaN,  NaN,  NaN,  NaN,  NaN,  NaN
9.117,  NaN,  NaN,  NaN,  NaN,  NaN,  NaN,  NaN,  NaN,  NaN,  NaN,  NaN
9.133,  NaN,  NaN,  NaN,  NaN,  NaN,  NaN,  NaN,  NaN,  NaN,  NaN,  NaN
9.150,  NaN,  NaN,  NaN,  NaN,  NaN,  NaN,  NaN,  NaN,  NaN,  NaN,  NaN
9.167,  NaN,  NaN,  NaN,  NaN,  NaN,  NaN,  NaN,  NaN,  NaN,  NaN,  NaN
9.183,  NaN,  NaN,  NaN,  NaN,  NaN,  NaN,  NaN,  NaN,  NaN,  NaN,  NaN
9.200,  NaN,  NaN,  NaN,  NaN,  NaN,  NaN,  NaN,  NaN,  NaN,  NaN,  NaN
9.217,  NaN,  NaN,  NaN,  NaN,  NaN,  NaN,  NaN,  NaN,  NaN,  NaN,  NaN
9.233,  NaN,  NaN,  NaN,  NaN,  NaN,  NaN,  NaN,  NaN,  NaN,  NaN,  NaN
9.250,  NaN,  NaN,  NaN,  NaN,  NaN,  NaN,  NaN,  NaN,  NaN,  NaN,  NaN
9.267,  NaN,  NaN,  NaN,  NaN,  NaN,  NaN,  NaN,  NaN,  NaN,  NaN,  NaN
9.283,  NaN,  NaN,  NaN,  NaN,  NaN,  NaN,  NaN,  NaN,  NaN,  NaN,  NaN
9.300,  NaN,  NaN,  NaN,  NaN,  NaN,  NaN,  NaN,  NaN,  NaN,  NaN,  NaN
9.317,  NaN,  NaN,  NaN,  NaN,  NaN,  NaN,  NaN,  NaN,  NaN,  NaN,  NaN
9.333,  NaN,  NaN,  NaN,  NaN,  NaN,  NaN,  NaN,  NaN,  NaN,  NaN,  NaN
9.350,  NaN,  NaN,  NaN,  NaN,  NaN,  NaN,  NaN,  NaN,  NaN,  NaN,  NaN
9.367,  NaN,  NaN,  NaN,  NaN,  NaN,  NaN,  NaN,  NaN,  NaN,  NaN,  NaN
9.383,  NaN,  NaN,  NaN,  NaN,  NaN,  NaN,  NaN,  NaN,  NaN,  NaN,  NaN
9.400,  NaN,  NaN,  NaN,  NaN,  NaN,  NaN,  NaN,  NaN,  NaN,  NaN,  NaN
9.417,  NaN,  NaN,  NaN,  NaN,  NaN,  NaN,  NaN,  NaN,  NaN,  NaN,  NaN
9.433,  NaN,  NaN,  NaN,  NaN,  NaN,  NaN,  NaN,  NaN,  NaN,  NaN,  NaN
9.450,  NaN,  NaN,  NaN,  NaN,  NaN,  NaN,  NaN,  NaN,  NaN,  NaN,  NaN
9.467,  NaN,  NaN,  NaN,  NaN,  NaN,  NaN,  NaN,  NaN,  NaN,  NaN,  NaN
9.483,  NaN,  NaN,  NaN,  NaN,  NaN,  NaN,  NaN,  NaN,  NaN,  NaN,  NaN
9.500,  NaN,  NaN,  NaN,  NaN,  NaN,  NaN,  NaN,  NaN,  NaN,  NaN,  NaN
9.517,  NaN,  NaN,  NaN,  NaN,  NaN,  NaN,  NaN,  NaN,  NaN,  NaN,  NaN
9.533,  NaN,  NaN,  NaN,  NaN,  NaN,  NaN,  NaN,  NaN,  NaN,  NaN,  NaN
9.550,  NaN,  NaN,  NaN,  NaN,  NaN,  NaN,  NaN,  NaN,  NaN,  NaN,  NaN
9.567,  NaN,  NaN,  NaN,  NaN,  NaN,  NaN,  NaN,  NaN,  NaN,  NaN,  NaN
9.583,  NaN,  NaN,  NaN,  NaN,  NaN,  NaN,  NaN,  NaN,  NaN,  NaN,  NaN
9.600,  NaN,  NaN,  NaN,  NaN,  NaN,  NaN,  NaN,  NaN,  NaN,  NaN,  NaN
9.617,  NaN,  NaN,  NaN,  NaN,  NaN,  NaN,  NaN,  NaN,  NaN,  NaN,  NaN
9.633,  NaN,  NaN,  NaN,  NaN,  NaN,  NaN,  NaN,  NaN,  NaN,  NaN,  NaN
9.650,  NaN,  NaN,  NaN,  NaN,  NaN,  NaN,  NaN,  NaN,  NaN,  NaN,  NaN
9.667,  NaN,  NaN,  NaN,  NaN,  NaN,  NaN,  NaN,  NaN,  NaN,  NaN,  NaN
9.683,  NaN,  NaN,  NaN,  NaN,  NaN,  NaN,  NaN,  NaN,  NaN,  NaN,  NaN
9.700,  NaN,  NaN,  NaN,  NaN,  NaN,  NaN,  NaN,  NaN,  NaN,  NaN,  NaN
9.717,  NaN,  NaN,  NaN,  NaN,  NaN,  NaN,  NaN,  NaN,  NaN,  NaN,  NaN
9.733,  NaN,  NaN,  NaN,  NaN,  NaN,  NaN,  NaN,  NaN,  NaN,  NaN,  NaN
9.750,  NaN,  NaN,  NaN,  NaN,  NaN,  NaN,  NaN,  NaN,  NaN,  NaN,  NaN
9.767,  NaN,  NaN,  NaN,  NaN,  NaN,  NaN,  NaN,  NaN,  NaN,  NaN,  NaN
9.783,  NaN,  NaN,  NaN,  NaN,  NaN,  NaN,  NaN,  NaN,  NaN,  NaN,  NaN
9.800,  NaN,  NaN,  NaN,  NaN,  NaN,  NaN,  NaN,  NaN,  NaN,  NaN,  NaN
9.817,  NaN,  NaN,  NaN,  NaN,  NaN,  NaN,  NaN,  NaN,  NaN,  NaN,  NaN
9.833,  NaN,  NaN,  NaN,  NaN,  NaN,  NaN,  NaN,  NaN,  NaN,  NaN,  NaN
9.850,  NaN,  NaN,  NaN,  NaN,  NaN,  NaN,  NaN,  NaN,  NaN,  NaN,  NaN
9.867,  NaN,  NaN,  NaN,  NaN,  NaN,  NaN,  NaN,  NaN,  NaN,  NaN,  NaN
9.883,  NaN,  NaN,  NaN,  NaN,  NaN,  NaN,  NaN,  NaN,  NaN,  NaN,  NaN
9.900,  NaN,  NaN,  NaN,  NaN,  NaN,  NaN,  NaN,  NaN,  NaN,  NaN,  NaN
9.917,  NaN,  NaN,  NaN,  NaN,  NaN,  NaN,  NaN,  NaN,  NaN,  NaN,  NaN
9.933,  NaN,  NaN,  NaN,  NaN,  NaN,  NaN,  NaN,  NaN,  NaN,  NaN,  NaN
9.950,  NaN,  NaN,  NaN,  NaN,  NaN,  NaN,  NaN,  NaN,  NaN,  NaN,  NaN
9.967,  NaN,  NaN,  NaN,  NaN,  NaN,  NaN,  NaN,  NaN,  NaN,  NaN,  NaN
9.983,  NaN,  NaN,  NaN,  NaN,  NaN,  NaN,  NaN,  NaN,  NaN,  NaN,  NaN
10.000,  NaN,  NaN,  NaN,  NaN,  NaN,  NaN,  NaN,  NaN,  NaN,  NaN,  NaN
10.017,  NaN,  NaN,  NaN,  NaN,  NaN,  NaN,  NaN,  NaN,  NaN,  NaN,  NaN
10.033,  NaN,  NaN,  NaN,  NaN,  NaN,  NaN,  NaN,  NaN,  NaN,  NaN,  NaN
10.050,  NaN,  NaN,  NaN,  NaN,  NaN,  NaN,  NaN,  NaN,  NaN,  NaN,  NaN
10.067,  NaN,  NaN,  NaN,  NaN,  NaN,  NaN,  NaN,  NaN,  NaN,  NaN,  NaN
10.083,  NaN,  NaN,  NaN,  NaN,  NaN,  NaN,  NaN,  NaN,  NaN,  NaN,  NaN
10.100,  NaN,  NaN,  NaN,  NaN,  NaN,  NaN,  NaN,  NaN,  NaN,  NaN,  NaN
10.117,  NaN,  NaN,  NaN,  NaN,  NaN,  NaN,  NaN,  NaN,  NaN,  NaN,  NaN
10.133,  NaN,  NaN,  NaN,  NaN,  NaN,  NaN,  NaN,  NaN,  NaN,  NaN,  NaN
10.150,  NaN,  NaN,  NaN,  NaN,  NaN,  NaN,  NaN,  NaN,  NaN,  NaN,  NaN
10.167,  NaN,  NaN,  NaN,  NaN,  NaN,  NaN,  NaN,  NaN,  NaN,  NaN,  NaN
10.183,  NaN,  NaN,  NaN,  NaN,  NaN,  NaN,  NaN,  NaN,  NaN,  NaN,  NaN
10.200,  NaN,  NaN,  NaN,  NaN,  NaN,  NaN,  NaN,  NaN,  NaN,  NaN,  NaN
10.217,  NaN,  NaN,  NaN,  NaN,  NaN,  NaN,  NaN,  NaN,  NaN,  NaN,  NaN
10.233,  NaN,  NaN,  NaN,  NaN,  NaN,  NaN,  NaN,  NaN,  NaN,  NaN,  NaN
10.250,  NaN,  NaN,  NaN,  NaN,  NaN,  NaN,  NaN,  NaN,  NaN,  NaN,  NaN
10.267,  NaN,  NaN,  NaN,  NaN,  NaN,  NaN,  NaN,  NaN,  NaN,  NaN,  NaN
10.283,  NaN,  NaN,  NaN,  NaN,  NaN,  NaN,  NaN,  NaN,  NaN,  NaN,  NaN
10.300,  NaN,  NaN,  NaN,  NaN,  NaN,  NaN,  NaN,  NaN,  NaN,  NaN,  NaN
10.317,  NaN,  NaN,  NaN,  NaN,  NaN,  NaN,  NaN,  NaN,  NaN,  NaN,  NaN
10.333,  NaN,  NaN,  NaN,  NaN,  NaN,  NaN,  NaN,  NaN,  NaN,  NaN,  NaN
10.350,  NaN,  NaN,  NaN,  NaN,  NaN,  NaN,  NaN,  NaN,  NaN,  NaN,  NaN
10.367,  NaN,  NaN,  NaN,  NaN,  NaN,  NaN,  NaN,  NaN,  NaN,  NaN,  NaN
10.383,  NaN,  NaN,  NaN,  NaN,  NaN,  NaN,  NaN,  NaN,  NaN,  NaN,  NaN
10.400,  NaN,  NaN,  NaN,  NaN,  NaN,  NaN,  NaN,  NaN,  NaN,  NaN,  NaN
10.417,  NaN,  NaN,  NaN,  NaN,  NaN,  NaN,  NaN,  NaN,  NaN,  NaN,  NaN
10.433,  NaN,  NaN,  NaN,  NaN,  NaN,  NaN,  NaN,  NaN,  NaN,  NaN,  NaN
10.450,  NaN,  NaN,  NaN,  NaN,  NaN,  NaN,  NaN,  NaN,  NaN,  NaN,  NaN
10.467,  NaN,  NaN,  NaN,  NaN,  NaN,  NaN,  NaN,  NaN,  NaN,  NaN,  NaN
10.483,  NaN,  NaN,  NaN,  NaN,  NaN,  NaN,  NaN,  NaN,  NaN,  NaN,  NaN
10.500,  NaN,  NaN,  NaN,  NaN,  NaN,  NaN,  NaN,  NaN,  NaN,  NaN,  NaN
10.517,  NaN,  NaN,  NaN,  NaN,  NaN,  NaN,  NaN,  NaN,  NaN,  NaN,  NaN
10.533,  NaN,  NaN,  NaN,  NaN,  NaN,  NaN,  NaN,  NaN,  NaN,  NaN,  NaN
10.550,  NaN,  NaN,  NaN,  NaN,  NaN,  NaN,  NaN,  NaN,  NaN,  NaN,  NaN
10.567,  NaN,  NaN,  NaN,  NaN,  NaN,  NaN,  NaN,  NaN,  NaN,  NaN,  NaN
10.583,  NaN,  NaN,  NaN,  NaN,  NaN,  NaN,  NaN,  NaN,  NaN,  NaN,  NaN
10.600,  NaN,  NaN,  NaN,  NaN,  NaN,  NaN,  NaN,  NaN,  NaN,  NaN,  NaN
10.617,  NaN,  NaN,  NaN,  NaN,  NaN,  NaN,  NaN,  NaN,  NaN,  NaN,  NaN
10.633,  NaN,  NaN,  NaN,  NaN,  NaN,  NaN,  NaN,  NaN,  NaN,  NaN,  NaN
10.650,  NaN,  NaN,  NaN,  NaN,  NaN,  NaN,  NaN,  NaN,  NaN,  NaN,  NaN
10.667,  NaN,  NaN,  NaN,  NaN,  NaN,  NaN,  NaN,  NaN,  NaN,  NaN,  NaN
10.683,  NaN,  NaN,  NaN,  NaN,  NaN,  NaN,  NaN,  NaN,  NaN,  NaN,  NaN
10.700,  NaN,  NaN,  NaN,  NaN,  NaN,  NaN,  NaN,  NaN,  NaN,  NaN,  NaN
10.717,  NaN,  NaN,  NaN,  NaN,  NaN,  NaN,  NaN,  NaN,  NaN,  NaN,  NaN
10.733,  NaN,  NaN,  NaN,  NaN,  NaN,  NaN,  NaN,  NaN,  NaN,  NaN,  NaN
10.750,  NaN,  NaN,  NaN,  NaN,  NaN,  NaN,  NaN,  NaN,  NaN,  NaN,  NaN
10.767,  NaN,  NaN,  NaN,  NaN,  NaN,  NaN,  NaN,  NaN,  NaN,  NaN,  NaN
10.783,  NaN,  NaN,  NaN,  NaN,  NaN,  NaN,  NaN,  NaN,  NaN,  NaN,  NaN
10.800,  NaN,  NaN,  NaN,  NaN,  NaN,  NaN,  NaN,  NaN,  NaN,  NaN,  NaN
10.817,  NaN,  NaN,  NaN,  NaN,  NaN,  NaN,  NaN,  NaN,  NaN,  NaN,  NaN
10.833,  NaN,  NaN,  NaN,  NaN,  NaN,  NaN,  NaN,  NaN,  NaN,  NaN,  NaN
10.850,  NaN,  NaN,  NaN,  NaN,  NaN,  NaN,  NaN,  NaN,  NaN,  NaN,  NaN
10.867,  NaN,  NaN,  NaN,  NaN,  NaN,  NaN,  NaN,  NaN,  NaN,  NaN,  NaN
10.883,  NaN,  NaN,  NaN,  NaN,  NaN,  NaN,  NaN,  NaN,  NaN,  NaN,  NaN
10.900,  NaN,  NaN,  NaN,  NaN,  NaN,  NaN,  NaN,  NaN,  NaN,  NaN,  NaN
10.917,  NaN,  NaN,  NaN,  NaN,  NaN,  NaN,  NaN,  NaN,  NaN,  NaN,  NaN
10.933,  NaN,  NaN,  NaN,  NaN,  NaN,  NaN,  NaN,  NaN,  NaN,  NaN,  NaN
10.950,  NaN,  NaN,  NaN,  NaN,  NaN,  NaN,  NaN,  NaN,  NaN,  NaN,  NaN
10.967,  NaN,  NaN,  NaN,  NaN,  NaN,  NaN,  NaN,  NaN,  NaN,  NaN,  NaN
10.983,  NaN,  NaN,  NaN,  NaN,  NaN,  NaN,  NaN,  NaN,  NaN,  NaN,  NaN
11.000,  NaN,  NaN,  NaN,  NaN,  NaN,  NaN,  NaN,  NaN,  NaN,  NaN,  NaN
11.017,  NaN,  NaN,  NaN,  NaN,  NaN,  NaN,  NaN,  NaN,  NaN,  NaN,  NaN
11.033,  NaN,  NaN,  NaN,  NaN,  NaN,  NaN,  NaN,  NaN,  NaN,  NaN,  NaN
11.050,  NaN,  NaN,  NaN,  NaN,  NaN,  NaN,  NaN,  NaN,  NaN,  NaN,  NaN
11.067,  NaN,  NaN,  NaN,  NaN,  NaN,  NaN,  NaN,  NaN,  NaN,  NaN,  NaN
11.083,  NaN,  NaN,  NaN,  NaN,  NaN,  NaN,  NaN,  NaN,  NaN,  NaN,  NaN
11.100,  NaN,  NaN,  NaN,  NaN,  NaN,  NaN,  NaN,  NaN,  NaN,  NaN,  NaN
11.117,  NaN,  NaN,  NaN,  NaN,  NaN,  NaN,  NaN,  NaN,  NaN,  NaN,  NaN
11.133,  NaN,  NaN,  NaN,  NaN,  NaN,  NaN,  NaN,  NaN,  NaN,  NaN,  NaN
11.150,  NaN,  NaN,  NaN,  NaN,  NaN,  NaN,  NaN,  NaN,  NaN,  NaN,  NaN
11.167,  NaN,  NaN,  NaN,  NaN,  NaN,  NaN,  NaN,  NaN,  NaN,  NaN,  NaN
11.183,  NaN,  NaN,  NaN,  NaN,  NaN,  NaN,  NaN,  NaN,  NaN,  NaN,  NaN
11.200,  NaN,  NaN,  NaN,  NaN,  NaN,  NaN,  NaN,  NaN,  NaN,  NaN,  NaN
11.217,  NaN,  NaN,  NaN,  NaN,  NaN,  NaN,  NaN,  NaN,  NaN,  NaN,  NaN
11.233,  NaN,  NaN,  NaN,  NaN,  NaN,  NaN,  NaN,  NaN,  NaN,  NaN,  NaN
11.250,  NaN,  NaN,  NaN,  NaN,  NaN,  NaN,  NaN,  NaN,  NaN,  NaN,  NaN
11.267,  NaN,  NaN,  NaN,  NaN,  NaN,  NaN,  NaN,  NaN,  NaN,  NaN,  NaN
11.283,  NaN,  NaN,  NaN,  NaN,  NaN,  NaN,  NaN,  NaN,  NaN,  NaN,  NaN
11.300,  NaN,  NaN,  NaN,  NaN,  NaN,  NaN,  NaN,  NaN,  NaN,  NaN,  NaN
11.317,  NaN,  NaN,  NaN,  NaN,  NaN,  NaN,  NaN,  NaN,  NaN,  NaN,  NaN
11.333,  NaN,  NaN,  NaN,  NaN,  NaN,  NaN,  NaN,  NaN,  NaN,  NaN,  NaN
11.350,  NaN,  NaN,  NaN,  NaN,  NaN,  NaN,  NaN,  NaN,  NaN,  NaN,  NaN
11.367,  NaN,  NaN,  NaN,  NaN,  NaN,  NaN,  NaN,  NaN,  NaN,  NaN,  NaN
11.383,  NaN,  NaN,  NaN,  NaN,  NaN,  NaN,  NaN,  NaN,  NaN,  NaN,  NaN
11.400,  NaN,  NaN,  NaN,  NaN,  NaN,  NaN,  NaN,  NaN,  NaN,  NaN,  NaN
11.417,  NaN,  NaN,  NaN,  NaN,  NaN,  NaN,  NaN,  NaN,  NaN,  NaN,  NaN
11.433,  NaN,  NaN,  NaN,  NaN,  NaN,  NaN,  NaN,  NaN,  NaN,  NaN,  NaN
11.450,  NaN,  NaN,  NaN,  NaN,  NaN,  NaN,  NaN,  NaN,  NaN,  NaN,  NaN
11.467,  NaN,  NaN,  NaN,  NaN,  NaN,  NaN,  NaN,  NaN,  NaN,  NaN,  NaN
11.483,  NaN,  NaN,  NaN,  NaN,  NaN,  NaN,  NaN,  NaN,  NaN,  NaN,  NaN
11.500,  NaN,  NaN,  NaN,  NaN,  NaN,  NaN,  NaN,  NaN,  NaN,  NaN,  NaN
11.517,  NaN,  NaN,  NaN,  NaN,  NaN,  NaN,  NaN,  NaN,  NaN,  NaN,  NaN
11.533,  NaN,  NaN,  NaN,  NaN,  NaN,  NaN,  NaN,  NaN,  NaN,  NaN,  NaN
11.550,  NaN,  NaN,  NaN,  NaN,  NaN,  NaN,  NaN,  NaN,  NaN,  NaN,  NaN
11.567,  NaN,  NaN,  NaN,  NaN,  NaN,  NaN,  NaN,  NaN,  NaN,  NaN,  NaN
11.583,  NaN,  NaN,  NaN,  NaN,  NaN,  NaN,  NaN,  NaN,  NaN,  NaN,  NaN
11.600,  NaN,  NaN,  NaN,  NaN,  NaN,  NaN,  NaN,  NaN,  NaN,  NaN,  NaN
11.617,  NaN,  NaN,  NaN,  NaN,  NaN,  NaN,  NaN,  NaN,  NaN,  NaN,  NaN
11.633,  NaN,  NaN,  NaN,  NaN,  NaN,  NaN,  NaN,  NaN,  NaN,  NaN,  NaN
11.650,  NaN,  NaN,  NaN,  NaN,  NaN,  NaN,  NaN,  NaN,  NaN,  NaN,  NaN
11.667,  NaN,  NaN,  NaN,  NaN,  NaN,  NaN,  NaN,  NaN,  NaN,  NaN,  NaN
11.683,  NaN,  NaN,  NaN,  NaN,  NaN,  NaN,  NaN,  NaN,  NaN,  NaN,  NaN
11.700,  NaN,  NaN,  NaN,  NaN,  NaN,  NaN,  NaN,  NaN,  NaN,  NaN,  NaN
11.717,  NaN,  NaN,  NaN,  NaN,  NaN,  NaN,  NaN,  NaN,  NaN,  NaN,  NaN
11.733,  NaN,  NaN,  NaN,  NaN,  NaN,  NaN,  NaN,  NaN,  NaN,  NaN,  NaN
11.750,  NaN,  NaN,  NaN,  NaN,  NaN,  NaN,  NaN,  NaN,  NaN,  NaN,  NaN
11.767,  NaN,  NaN,  NaN,  NaN,  NaN,  NaN,  NaN,  NaN,  NaN,  NaN,  NaN
11.783,  NaN,  NaN,  NaN,  NaN,  NaN,  NaN,  NaN,  NaN,  NaN,  NaN,  NaN
11.800,  NaN,  NaN,  NaN,  NaN,  NaN,  NaN,  NaN,  NaN,  NaN,  NaN,  NaN
11.817,  NaN,  NaN,  NaN,  NaN,  NaN,  NaN,  NaN,  NaN,  NaN,  NaN,  NaN
11.833,  NaN,  NaN,  NaN,  NaN,  NaN,  NaN,  NaN,  NaN,  NaN,  NaN,  NaN
11.850,  NaN,  NaN,  NaN,  NaN,  NaN,  NaN,  NaN,  NaN,  NaN,  NaN,  NaN
11.867,  NaN,  NaN,  NaN,  NaN,  NaN,  NaN,  NaN,  NaN,  NaN,  NaN,  NaN
11.883,  NaN,  NaN,  NaN,  NaN,  NaN,  NaN,  NaN,  NaN,  NaN,  NaN,  NaN
11.900,  NaN,  NaN,  NaN,  NaN,  NaN,  NaN,  NaN,  NaN,  NaN,  NaN,  NaN
11.917,  NaN,  NaN,  NaN,  NaN,  NaN,  NaN,  NaN,  NaN,  NaN,  NaN,  NaN
11.933,  NaN,  NaN,  NaN,  NaN,  NaN,  NaN,  NaN,  NaN,  NaN,  NaN,  NaN
11.950,  NaN,  NaN,  NaN,  NaN,  NaN,  NaN,  NaN,  NaN,  NaN,  NaN,  NaN
11.967,  NaN,  NaN,  NaN,  NaN,  NaN,  NaN,  NaN,  NaN,  NaN,  NaN,  NaN
11.983,  NaN,  NaN,  NaN,  NaN,  NaN,  NaN,  NaN,  NaN,  NaN,  NaN,  NaN
12.000,  NaN,  NaN,  NaN,  NaN,  NaN,  NaN,  NaN,  NaN,  NaN,  NaN,  NaN
12.017,  NaN,  NaN,  NaN,  NaN,  NaN,  NaN,  NaN,  NaN,  NaN,  NaN,  NaN
12.033,  NaN,  NaN,  NaN,  NaN,  NaN,  NaN,  NaN,  NaN,  NaN,  NaN,  NaN
12.050,  NaN,  NaN,  NaN,  NaN,  NaN,  NaN,  NaN,  NaN,  NaN,  NaN,  NaN
12.067,  NaN,  NaN,  NaN,  NaN,  NaN,  NaN,  NaN,  NaN,  NaN,  NaN,  NaN
12.083,  NaN,  NaN,  NaN,  NaN,  NaN,  NaN,  NaN,  NaN,  NaN,  NaN,  NaN
12.100,  NaN,  NaN,  NaN,  NaN,  NaN,  NaN,  NaN,  NaN,  NaN,  NaN,  NaN
12.117,  NaN,  NaN,  NaN,  NaN,  NaN,  NaN,  NaN,  NaN,  NaN,  NaN,  NaN
12.133,  NaN,  NaN,  NaN,  NaN,  NaN,  NaN,  NaN,  NaN,  NaN,  NaN,  NaN
12.150,  NaN,  NaN,  NaN,  NaN,  NaN,  NaN,  NaN,  NaN,  NaN,  NaN,  NaN
12.167,  NaN,  NaN,  NaN,  NaN,  NaN,  NaN,  NaN,  NaN,  NaN,  NaN,  NaN
12.183,  NaN,  NaN,  NaN,  NaN,  NaN,  NaN,  NaN,  NaN,  NaN,  NaN,  NaN
12.200,  NaN,  NaN,  NaN,  NaN,  NaN,  NaN,  NaN,  NaN,  NaN,  NaN,  NaN
12.217,  NaN,  NaN,  NaN,  NaN,  NaN,  NaN,  NaN,  NaN,  NaN,  NaN,  NaN
12.233,  NaN,  NaN,  NaN,  NaN,  NaN,  NaN,  NaN,  NaN,  NaN,  NaN,  NaN
12.250,  NaN,  NaN,  NaN,  NaN,  NaN,  NaN,  NaN,  NaN,  NaN,  NaN,  NaN
12.267,  NaN,  NaN,  NaN,  NaN,  NaN,  NaN,  NaN,  NaN,  NaN,  NaN,  NaN
12.283,  NaN,  NaN,  NaN,  NaN,  NaN,  NaN,  NaN,  NaN,  NaN,  NaN,  NaN
12.300,  NaN,  NaN,  NaN,  NaN,  NaN,  NaN,  NaN,  NaN,  NaN,  NaN,  NaN
12.317,  NaN,  NaN,  NaN,  NaN,  NaN,  NaN,  NaN,  NaN,  NaN,  NaN,  NaN
12.333,  NaN,  NaN,  NaN,  NaN,  NaN,  NaN,  NaN,  NaN,  NaN,  NaN,  NaN
12.350,  NaN,  NaN,  NaN,  NaN,  NaN,  NaN,  NaN,  NaN,  NaN,  NaN,  NaN
12.367,  NaN,  NaN,  NaN,  NaN,  NaN,  NaN,  NaN,  NaN,  NaN,  NaN,  NaN
12.383,  NaN,  NaN,  NaN,  NaN,  NaN,  NaN,  NaN,  NaN,  NaN,  NaN,  NaN
12.400,  NaN,  NaN,  NaN,  NaN,  NaN,  NaN,  NaN,  NaN,  NaN,  NaN,  NaN
12.417,  NaN,  NaN,  NaN,  NaN,  NaN,  NaN,  NaN,  NaN,  NaN,  NaN,  NaN
12.433,  NaN,  NaN,  NaN,  NaN,  NaN,  NaN,  NaN,  NaN,  NaN,  NaN,  NaN
12.450,  NaN,  NaN,  NaN,  NaN,  NaN,  NaN,  NaN,  NaN,  NaN,  NaN,  NaN
12.467,  NaN,  NaN,  NaN,  NaN,  NaN,  NaN,  NaN,  NaN,  NaN,  NaN,  NaN
12.483,  NaN,  NaN,  NaN,  NaN,  NaN,  NaN,  NaN,  NaN,  NaN,  NaN,  NaN
12.500,  NaN,  NaN,  NaN,  NaN,  NaN,  NaN,  NaN,  NaN,  NaN,  NaN,  NaN
12.517,  NaN,  NaN,  NaN,  NaN,  NaN,  NaN,  NaN,  NaN,  NaN,  NaN,  NaN
12.533,  NaN,  NaN,  NaN,  NaN,  NaN,  NaN,  NaN,  NaN,  NaN,  NaN,  NaN
12.550,  NaN,  NaN,  NaN,  NaN,  NaN,  NaN,  NaN,  NaN,  NaN,  NaN,  NaN
12.567,  NaN,  NaN,  NaN,  NaN,  NaN,  NaN,  NaN,  NaN,  NaN,  NaN,  NaN
12.583,  NaN,  NaN,  NaN,  NaN,  NaN,  NaN,  NaN,  NaN,  NaN,  NaN,  NaN
12.600,  NaN,  NaN,  NaN,  NaN,  NaN,  NaN,  NaN,  NaN,  NaN,  NaN,  NaN
12.617,  NaN,  NaN,  NaN,  NaN,  NaN,  NaN,  NaN,  NaN,  NaN,  NaN,  NaN
12.633,  NaN,  NaN,  NaN,  NaN,  NaN,  NaN,  NaN,  NaN,  NaN,  NaN,  NaN
12.650,  NaN,  NaN,  NaN,  NaN,  NaN,  NaN,  NaN,  NaN,  NaN,  NaN,  NaN
12.667,  NaN,  NaN,  NaN,  NaN,  NaN,  NaN,  NaN,  NaN,  NaN,  NaN,  NaN
12.683,  NaN,  NaN,  NaN,  NaN,  NaN,  NaN,  NaN,  NaN,  NaN,  NaN,  NaN
12.700,  NaN,  NaN,  NaN,  NaN,  NaN,  NaN,  NaN,  NaN,  NaN,  NaN,  NaN
12.717,  NaN,  NaN,  NaN,  NaN,  NaN,  NaN,  NaN,  NaN,  NaN,  NaN,  NaN
12.733,  NaN,  NaN,  NaN,  NaN,  NaN,  NaN,  NaN,  NaN,  NaN,  NaN,  NaN
12.750,  NaN,  NaN,  NaN,  NaN,  NaN,  NaN,  NaN,  NaN,  NaN,  NaN,  NaN
12.767,  NaN,  NaN,  NaN,  NaN,  NaN,  NaN,  NaN,  NaN,  NaN,  NaN,  NaN
12.783,  NaN,  NaN,  NaN,  NaN,  NaN,  NaN,  NaN,  NaN,  NaN,  NaN,  NaN
12.800,  NaN,  NaN,  NaN,  NaN,  NaN,  NaN,  NaN,  NaN,  NaN,  NaN,  NaN
12.817,  NaN,  NaN,  NaN,  NaN,  NaN,  NaN,  NaN,  NaN,  NaN,  NaN,  NaN
12.833,  NaN,  NaN,  NaN,  NaN,  NaN,  NaN,  NaN,  NaN,  NaN,  NaN,  NaN
12.850,  NaN,  NaN,  NaN,  NaN,  NaN,  NaN,  NaN,  NaN,  NaN,  NaN,  NaN
12.867,  NaN,  NaN,  NaN,  NaN,  NaN,  NaN,  NaN,  NaN,  NaN,  NaN,  NaN
12.883,  NaN,  NaN,  NaN,  NaN,  NaN,  NaN,  NaN,  NaN,  NaN,  NaN,  NaN
12.900,  NaN,  NaN,  NaN,  NaN,  NaN,  NaN,  NaN,  NaN,  NaN,  NaN,  NaN
12.917,  NaN,  NaN,  NaN,  NaN,  NaN,  NaN,  NaN,  NaN,  NaN,  NaN,  NaN
12.933,  NaN,  NaN,  NaN,  NaN,  NaN,  NaN,  NaN,  NaN,  NaN,  NaN,  NaN
12.950,  NaN,  NaN,  NaN,  NaN,  NaN,  NaN,  NaN,  NaN,  NaN,  NaN,  NaN
12.967,  NaN,  NaN,  NaN,  NaN,  NaN,  NaN,  NaN,  NaN,  NaN,  NaN,  NaN
12.983,  NaN,  NaN,  NaN,  NaN,  NaN,  NaN,  NaN,  NaN,  NaN,  NaN,  NaN
13.000,  NaN,  NaN,  NaN,  NaN,  NaN,  NaN,  NaN,  NaN,  NaN,  NaN,  NaN
13.017,  NaN,  NaN,  NaN,  NaN,  NaN,  NaN,  NaN,  NaN,  NaN,  NaN,  NaN
13.033,  NaN,  NaN,  NaN,  NaN,  NaN,  NaN,  NaN,  NaN,  NaN,  NaN,  NaN
13.050,  NaN,  NaN,  NaN,  NaN,  NaN,  NaN,  NaN,  NaN,  NaN,  NaN,  NaN
13.067,  NaN,  NaN,  NaN,  NaN,  NaN,  NaN,  NaN,  NaN,  NaN,  NaN,  NaN
13.083,  NaN,  NaN,  NaN,  NaN,  NaN,  NaN,  NaN,  NaN,  NaN,  NaN,  NaN
13.100,  NaN,  NaN,  NaN,  NaN,  NaN,  NaN,  NaN,  NaN,  NaN,  NaN,  NaN
13.117,  NaN,  NaN,  NaN,  NaN,  NaN,  NaN,  NaN,  NaN,  NaN,  NaN,  NaN
13.133,  NaN,  NaN,  NaN,  NaN,  NaN,  NaN,  NaN,  NaN,  NaN,  NaN,  NaN
13.150,  NaN,  NaN,  NaN,  NaN,  NaN,  NaN,  NaN,  NaN,  NaN,  NaN,  NaN
13.167,  NaN,  NaN,  NaN,  NaN,  NaN,  NaN,  NaN,  NaN,  NaN,  NaN,  NaN
13.183,  NaN,  NaN,  NaN,  NaN,  NaN,  NaN,  NaN,  NaN,  NaN,  NaN,  NaN
13.200,  NaN,  NaN,  NaN,  NaN,  NaN,  NaN,  NaN,  NaN,  NaN,  NaN,  NaN
13.217,  NaN,  NaN,  NaN,  NaN,  NaN,  NaN,  NaN,  NaN,  NaN,  NaN,  NaN
13.233,  NaN,  NaN,  NaN,  NaN,  NaN,  NaN,  NaN,  NaN,  NaN,  NaN,  NaN
13.250,  NaN,  NaN,  NaN,  NaN,  NaN,  NaN,  NaN,  NaN,  NaN,  NaN,  NaN
13.267,  NaN,  NaN,  NaN,  NaN,  NaN,  NaN,  NaN,  NaN,  NaN,  NaN,  NaN
13.283,  NaN,  NaN,  NaN,  NaN,  NaN,  NaN,  NaN,  NaN,  NaN,  NaN,  NaN
13.300,  NaN,  NaN,  NaN,  NaN,  NaN,  NaN,  NaN,  NaN,  NaN,  NaN,  NaN
13.317,  NaN,  NaN,  NaN,  NaN,  NaN,  NaN,  NaN,  NaN,  NaN,  NaN,  NaN
13.333,  NaN,  NaN,  NaN,  NaN,  NaN,  NaN,  NaN,  NaN,  NaN,  NaN,  NaN
13.350,  NaN,  NaN,  NaN,  NaN,  NaN,  NaN,  NaN,  NaN,  NaN,  NaN,  NaN
13.367,  NaN,  NaN,  NaN,  NaN,  NaN,  NaN,  NaN,  NaN,  NaN,  NaN,  NaN
13.383,  NaN,  NaN,  NaN,  NaN,  NaN,  NaN,  NaN,  NaN,  NaN,  NaN,  NaN
13.400,  NaN,  NaN,  NaN,  NaN,  NaN,  NaN,  NaN,  NaN,  NaN,  NaN,  NaN
13.417,  NaN,  NaN,  NaN,  NaN,  NaN,  NaN,  NaN,  NaN,  NaN,  NaN,  NaN
13.433,  NaN,  NaN,  NaN,  NaN,  NaN,  NaN,  NaN,  NaN,  NaN,  NaN,  NaN
13.450,  NaN,  NaN,  NaN,  NaN,  NaN,  NaN,  NaN,  NaN,  NaN,  NaN,  NaN
13.467,  NaN,  NaN,  NaN,  NaN,  NaN,  NaN,  NaN,  NaN,  NaN,  NaN,  NaN
13.483,  NaN,  NaN,  NaN,  NaN,  NaN,  NaN,  NaN,  NaN,  NaN,  NaN,  NaN
13.500,  NaN,  NaN,  NaN,  NaN,  NaN,  NaN,  NaN,  NaN,  NaN,  NaN,  NaN
13.517,  NaN,  NaN,  NaN,  NaN,  NaN,  NaN,  NaN,  NaN,  NaN,  NaN,  NaN
13.533,  NaN,  NaN,  NaN,  NaN,  NaN,  NaN,  NaN,  NaN,  NaN,  NaN,  NaN
13.550,  NaN,  NaN,  NaN,  NaN,  NaN,  NaN,  NaN,  NaN,  NaN,  NaN,  NaN
13.567,  NaN,  NaN,  NaN,  NaN,  NaN,  NaN,  NaN,  NaN,  NaN,  NaN,  NaN
13.583,  NaN,  NaN,  NaN,  NaN,  NaN,  NaN,  NaN,  NaN,  NaN,  NaN,  NaN
13.600,  NaN,  NaN,  NaN,  NaN,  NaN,  NaN,  NaN,  NaN,  NaN,  NaN,  NaN
13.617,  NaN,  NaN,  NaN,  NaN,  NaN,  NaN,  NaN,  NaN,  NaN,  NaN,  NaN
13.633,  NaN,  NaN,  NaN,  NaN,  NaN,  NaN,  NaN,  NaN,  NaN,  NaN,  NaN
13.650,  NaN,  NaN,  NaN,  NaN,  NaN,  NaN,  NaN,  NaN,  NaN,  NaN,  NaN
13.667,  NaN,  NaN,  NaN,  NaN,  NaN,  NaN,  NaN,  NaN,  NaN,  NaN,  NaN
13.683,  NaN,  NaN,  NaN,  NaN,  NaN,  NaN,  NaN,  NaN,  NaN,  NaN,  NaN
13.700,  NaN,  NaN,  NaN,  NaN,  NaN,  NaN,  NaN,  NaN,  NaN,  NaN,  NaN
13.717,  NaN,  NaN,  NaN,  NaN,  NaN,  NaN,  NaN,  NaN,  NaN,  NaN,  NaN
13.733,  NaN,  NaN,  NaN,  NaN,  NaN,  NaN,  NaN,  NaN,  NaN,  NaN,  NaN
13.750,  NaN,  NaN,  NaN,  NaN,  NaN,  NaN,  NaN,  NaN,  NaN,  NaN,  NaN
13.767,  NaN,  NaN,  NaN,  NaN,  NaN,  NaN,  NaN,  NaN,  NaN,  NaN,  NaN
13.783,  NaN,  NaN,  NaN,  NaN,  NaN,  NaN,  NaN,  NaN,  NaN,  NaN,  NaN
13.800,  NaN,  NaN,  NaN,  NaN,  NaN,  NaN,  NaN,  NaN,  NaN,  NaN,  NaN
13.817,  NaN,  NaN,  NaN,  NaN,  NaN,  NaN,  NaN,  NaN,  NaN,  NaN,  NaN
13.833,  NaN,  NaN,  NaN,  NaN,  NaN,  NaN,  NaN,  NaN,  NaN,  NaN,  NaN
13.850,  NaN,  NaN,  NaN,  NaN,  NaN,  NaN,  NaN,  NaN,  NaN,  NaN,  NaN
13.867,  NaN,  NaN,  NaN,  NaN,  NaN,  NaN,  NaN,  NaN,  NaN,  NaN,  NaN
13.883,  NaN,  NaN,  NaN,  NaN,  NaN,  NaN,  NaN,  NaN,  NaN,  NaN,  NaN
13.900,  NaN,  NaN,  NaN,  NaN,  NaN,  NaN,  NaN,  NaN,  NaN,  NaN,  NaN
13.917,  NaN,  NaN,  NaN,  NaN,  NaN,  NaN,  NaN,  NaN,  NaN,  NaN,  NaN
13.933,  NaN,  NaN,  NaN,  NaN,  NaN,  NaN,  NaN,  NaN,  NaN,  NaN,  NaN
13.950,  NaN,  NaN,  NaN,  NaN,  NaN,  NaN,  NaN,  NaN,  NaN,  NaN,  NaN
13.967,  NaN,  NaN,  NaN,  NaN,  NaN,  NaN,  NaN,  NaN,  NaN,  NaN,  NaN
13.983,  NaN,  NaN,  NaN,  NaN,  NaN,  NaN,  NaN,  NaN,  NaN,  NaN,  NaN
14.000,  NaN,  NaN,  NaN,  NaN,  NaN,  NaN,  NaN,  NaN,  NaN,  NaN,  NaN
14.017,  NaN,  NaN,  NaN,  NaN,  NaN,  NaN,  NaN,  NaN,  NaN,  NaN,  NaN
14.033,  NaN,  NaN,  NaN,  NaN,  NaN,  NaN,  NaN,  NaN,  NaN,  NaN,  NaN
14.050,  NaN,  NaN,  NaN,  NaN,  NaN,  NaN,  NaN,  NaN,  NaN,  NaN,  NaN
14.067,  NaN,  NaN,  NaN,  NaN,  NaN,  NaN,  NaN,  NaN,  NaN,  NaN,  NaN
14.083,  NaN,  NaN,  NaN,  NaN,  NaN,  NaN,  NaN,  NaN,  NaN,  NaN,  NaN
14.100,  NaN,  NaN,  NaN,  NaN,  NaN,  NaN,  NaN,  NaN,  NaN,  NaN,  NaN
14.117,  NaN,  NaN,  NaN,  NaN,  NaN,  NaN,  NaN,  NaN,  NaN,  NaN,  NaN
14.133,  NaN,  NaN,  NaN,  NaN,  NaN,  NaN,  NaN,  NaN,  NaN,  NaN,  NaN
14.150,  NaN,  NaN,  NaN,  NaN,  NaN,  NaN,  NaN,  NaN,  NaN,  NaN,  NaN
14.167,  NaN,  NaN,  NaN,  NaN,  NaN,  NaN,  NaN,  NaN,  NaN,  NaN,  NaN
14.183,  NaN,  NaN,  NaN,  NaN,  NaN,  NaN,  NaN,  NaN,  NaN,  NaN,  NaN
14.200,  NaN,  NaN,  NaN,  NaN,  NaN,  NaN,  NaN,  NaN,  NaN,  NaN,  NaN
14.217,  NaN,  NaN,  NaN,  NaN,  NaN,  NaN,  NaN,  NaN,  NaN,  NaN,  NaN
14.233,  NaN,  NaN,  NaN,  NaN,  NaN,  NaN,  NaN,  NaN,  NaN,  NaN,  NaN
14.250,  NaN,  NaN,  NaN,  NaN,  NaN,  NaN,  NaN,  NaN,  NaN,  NaN,  NaN
14.267,  NaN,  NaN,  NaN,  NaN,  NaN,  NaN,  NaN,  NaN,  NaN,  NaN,  NaN
14.283,  NaN,  NaN,  NaN,  NaN,  NaN,  NaN,  NaN,  NaN,  NaN,  NaN,  NaN
14.300,  NaN,  NaN,  NaN,  NaN,  NaN,  NaN,  NaN,  NaN,  NaN,  NaN,  NaN
14.317,  NaN,  NaN,  NaN,  NaN,  NaN,  NaN,  NaN,  NaN,  NaN,  NaN,  NaN
14.333,  NaN,  NaN,  NaN,  NaN,  NaN,  NaN,  NaN,  NaN,  NaN,  NaN,  NaN
14.350,  NaN,  NaN,  NaN,  NaN,  NaN,  NaN,  NaN,  NaN,  NaN,  NaN,  NaN
14.367,  NaN,  NaN,  NaN,  NaN,  NaN,  NaN,  NaN,  NaN,  NaN,  NaN,  NaN
14.383,  NaN,  NaN,  NaN,  NaN,  NaN,  NaN,  NaN,  NaN,  NaN,  NaN,  NaN
14.400,  NaN,  NaN,  NaN,  NaN,  NaN,  NaN,  NaN,  NaN,  NaN,  NaN,  NaN
14.417,  NaN,  NaN,  NaN,  NaN,  NaN,  NaN,  NaN,  NaN,  NaN,  NaN,  NaN
14.433,  NaN,  NaN,  NaN,  NaN,  NaN,  NaN,  NaN,  NaN,  NaN,  NaN,  NaN
14.450,  NaN,  NaN,  NaN,  NaN,  NaN,  NaN,  NaN,  NaN,  NaN,  NaN,  NaN
14.467,  NaN,  NaN,  NaN,  NaN,  NaN,  NaN,  NaN,  NaN,  NaN,  NaN,  NaN
14.483,  NaN,  NaN,  NaN,  NaN,  NaN,  NaN,  NaN,  NaN,  NaN,  NaN,  NaN
14.500,  NaN,  NaN,  NaN,  NaN,  NaN,  NaN,  NaN,  NaN,  NaN,  NaN,  NaN
14.517,  NaN,  NaN,  NaN,  NaN,  NaN,  NaN,  NaN,  NaN,  NaN,  NaN,  NaN
14.533,  NaN,  NaN,  NaN,  NaN,  NaN,  NaN,  NaN,  NaN,  NaN,  NaN,  NaN
14.550,  NaN,  NaN,  NaN,  NaN,  NaN,  NaN,  NaN,  NaN,  NaN,  NaN,  NaN
14.567,  NaN,  NaN,  NaN,  NaN,  NaN,  NaN,  NaN,  NaN,  NaN,  NaN,  NaN
14.583,  NaN,  NaN,  NaN,  NaN,  NaN,  NaN,  NaN,  NaN,  NaN,  NaN,  NaN
14.600,  NaN,  NaN,  NaN,  NaN,  NaN,  NaN,  NaN,  NaN,  NaN,  NaN,  NaN
14.617,  NaN,  NaN,  NaN,  NaN,  NaN,  NaN,  NaN,  NaN,  NaN,  NaN,  NaN
14.633,  NaN,  NaN,  NaN,  NaN,  NaN,  NaN,  NaN,  NaN,  NaN,  NaN,  NaN
14.650,  NaN,  NaN,  NaN,  NaN,  NaN,  NaN,  NaN,  NaN,  NaN,  NaN,  NaN
14.667,  NaN,  NaN,  NaN,  NaN,  NaN,  NaN,  NaN,  NaN,  NaN,  NaN,  NaN
14.683,  NaN,  NaN,  NaN,  NaN,  NaN,  NaN,  NaN,  NaN,  NaN,  NaN,  NaN
14.700,  NaN,  NaN,  NaN,  NaN,  NaN,  NaN,  NaN,  NaN,  NaN,  NaN,  NaN
14.717,  NaN,  NaN,  NaN,  NaN,  NaN,  NaN,  NaN,  NaN,  NaN,  NaN,  NaN
14.733,  NaN,  NaN,  NaN,  NaN,  NaN,  NaN,  NaN,  NaN,  NaN,  NaN,  NaN
14.750,  NaN,  NaN,  NaN,  NaN,  NaN,  NaN,  NaN,  NaN,  NaN,  NaN,  NaN
14.767,  NaN,  NaN,  NaN,  NaN,  NaN,  NaN,  NaN,  NaN,  NaN,  NaN,  NaN
14.783,  NaN,  NaN,  NaN,  NaN,  NaN,  NaN,  NaN,  NaN,  NaN,  NaN,  NaN
14.800,  NaN,  NaN,  NaN,  NaN,  NaN,  NaN,  NaN,  NaN,  NaN,  NaN,  NaN
14.817,  NaN,  NaN,  NaN,  NaN,  NaN,  NaN,  NaN,  NaN,  NaN,  NaN,  NaN
14.833,  NaN,  NaN,  NaN,  NaN,  NaN,  NaN,  NaN,  NaN,  NaN,  NaN,  NaN
14.850,  NaN,  NaN,  NaN,  NaN,  NaN,  NaN,  NaN,  NaN,  NaN,  NaN,  NaN
14.867,  NaN,  NaN,  NaN,  NaN,  NaN,  NaN,  NaN,  NaN,  NaN,  NaN,  NaN
14.883,  NaN,  NaN,  NaN,  NaN,  NaN,  NaN,  NaN,  NaN,  NaN,  NaN,  NaN
14.900,  NaN,  NaN,  NaN,  NaN,  NaN,  NaN,  NaN,  NaN,  NaN,  NaN,  NaN
14.917,  NaN,  NaN,  NaN,  NaN,  NaN,  NaN,  NaN,  NaN,  NaN,  NaN,  NaN
14.933,  NaN,  NaN,  NaN,  NaN,  NaN,  NaN,  NaN,  NaN,  NaN,  NaN,  NaN
14.950,  NaN,  NaN,  NaN,  NaN,  NaN,  NaN,  NaN,  NaN,  NaN,  NaN,  NaN
14.967,  NaN,  NaN,  NaN,  NaN,  NaN,  NaN,  NaN,  NaN,  NaN,  NaN,  NaN
14.983,  NaN,  NaN,  NaN,  NaN,  NaN,  NaN,  NaN,  NaN,  NaN,  NaN,  NaN
15.000,  NaN,  NaN,  NaN,  NaN,  NaN,  NaN,  NaN,  NaN,  NaN,  NaN,  NaN
15.017,  NaN,  NaN,  NaN,  NaN,  NaN,  NaN,  NaN,  NaN,  NaN,  NaN,  NaN
15.033,  NaN,  NaN,  NaN,  NaN,  NaN,  NaN,  NaN,  NaN,  NaN,  NaN,  NaN
15.050,  NaN,  NaN,  NaN,  NaN,  NaN,  NaN,  NaN,  NaN,  NaN,  NaN,  NaN
15.067,  NaN,  NaN,  NaN,  NaN,  NaN,  NaN,  NaN,  NaN,  NaN,  NaN,  NaN
15.083,  NaN,  NaN,  NaN,  NaN,  NaN,  NaN,  NaN,  NaN,  NaN,  NaN,  NaN
15.100,  NaN,  NaN,  NaN,  NaN,  NaN,  NaN,  NaN,  NaN,  NaN,  NaN,  NaN
15.117,  NaN,  NaN,  NaN,  NaN,  NaN,  NaN,  NaN,  NaN,  NaN,  NaN,  NaN
15.133,  NaN,  NaN,  NaN,  NaN,  NaN,  NaN,  NaN,  NaN,  NaN,  NaN,  NaN
15.150,  NaN,  NaN,  NaN,  NaN,  NaN,  NaN,  NaN,  NaN,  NaN,  NaN,  NaN
15.167,  NaN,  NaN,  NaN,  NaN,  NaN,  NaN,  NaN,  NaN,  NaN,  NaN,  NaN
15.183,  NaN,  NaN,  NaN,  NaN,  NaN,  NaN,  NaN,  NaN,  NaN,  NaN,  NaN
15.200,  NaN,  NaN,  NaN,  NaN,  NaN,  NaN,  NaN,  NaN,  NaN,  NaN,  NaN
15.217,  NaN,  NaN,  NaN,  NaN,  NaN,  NaN,  NaN,  NaN,  NaN,  NaN,  NaN
15.233,  NaN,  NaN,  NaN,  NaN,  NaN,  NaN,  NaN,  NaN,  NaN,  NaN,  NaN
15.250,  NaN,  NaN,  NaN,  NaN,  NaN,  NaN,  NaN,  NaN,  NaN,  NaN,  NaN
15.267,  NaN,  NaN,  NaN,  NaN,  NaN,  NaN,  NaN,  NaN,  NaN,  NaN,  NaN
15.283,  NaN,  NaN,  NaN,  NaN,  NaN,  NaN,  NaN,  NaN,  NaN,  NaN,  NaN
15.300,  NaN,  NaN,  NaN,  NaN,  NaN,  NaN,  NaN,  NaN,  NaN,  NaN,  NaN
15.317,  NaN,  NaN,  NaN,  NaN,  NaN,  NaN,  NaN,  NaN,  NaN,  NaN,  NaN
15.333,  NaN,  NaN,  NaN,  NaN,  NaN,  NaN,  NaN,  NaN,  NaN,  NaN,  NaN
15.350,  NaN,  NaN,  NaN,  NaN,  NaN,  NaN,  NaN,  NaN,  NaN,  NaN,  NaN
15.367,  NaN,  NaN,  NaN,  NaN,  NaN,  NaN,  NaN,  NaN,  NaN,  NaN,  NaN
15.383,  NaN,  NaN,  NaN,  NaN,  NaN,  NaN,  NaN,  NaN,  NaN,  NaN,  NaN
15.400,  NaN,  NaN,  NaN,  NaN,  NaN,  NaN,  NaN,  NaN,  NaN,  NaN,  NaN
15.417,  NaN,  NaN,  NaN,  NaN,  NaN,  NaN,  NaN,  NaN,  NaN,  NaN,  NaN
15.433,  NaN,  NaN,  NaN,  NaN,  NaN,  NaN,  NaN,  NaN,  NaN,  NaN,  NaN
15.450,  NaN,  NaN,  NaN,  NaN,  NaN,  NaN,  NaN,  NaN,  NaN,  NaN,  NaN
15.467,  NaN,  NaN,  NaN,  NaN,  NaN,  NaN,  NaN,  NaN,  NaN,  NaN,  NaN
15.483,  NaN,  NaN,  NaN,  NaN,  NaN,  NaN,  NaN,  NaN,  NaN,  NaN,  NaN
15.500,  NaN,  NaN,  NaN,  NaN,  NaN,  NaN,  NaN,  NaN,  NaN,  NaN,  NaN
15.517,  NaN,  NaN,  NaN,  NaN,  NaN,  NaN,  NaN,  NaN,  NaN,  NaN,  NaN
15.533,  NaN,  NaN,  NaN,  NaN,  NaN,  NaN,  NaN,  NaN,  NaN,  NaN,  NaN
15.550,  NaN,  NaN,  NaN,  NaN,  NaN,  NaN,  NaN,  NaN,  NaN,  NaN,  NaN
15.567,  NaN,  NaN,  NaN,  NaN,  NaN,  NaN,  NaN,  NaN,  NaN,  NaN,  NaN
15.583,  NaN,  NaN,  NaN,  NaN,  NaN,  NaN,  NaN,  NaN,  NaN,  NaN,  NaN
15.600,  NaN,  NaN,  NaN,  NaN,  NaN,  NaN,  NaN,  NaN,  NaN,  NaN,  NaN
15.617,  NaN,  NaN,  NaN,  NaN,  NaN,  NaN,  NaN,  NaN,  NaN,  NaN,  NaN
15.633,  NaN,  NaN,  NaN,  NaN,  NaN,  NaN,  NaN,  NaN,  NaN,  NaN,  NaN
15.650,  NaN,  NaN,  NaN,  NaN,  NaN,  NaN,  NaN,  NaN,  NaN,  NaN,  NaN
15.667,  NaN,  NaN,  NaN,  NaN,  NaN,  NaN,  NaN,  NaN,  NaN,  NaN,  NaN
15.683,  NaN,  NaN,  NaN,  NaN,  NaN,  NaN,  NaN,  NaN,  NaN,  NaN,  NaN
15.700,  NaN,  NaN,  NaN,  NaN,  NaN,  NaN,  NaN,  NaN,  NaN,  NaN,  NaN
15.717,  NaN,  NaN,  NaN,  NaN,  NaN,  NaN,  NaN,  NaN,  NaN,  NaN,  NaN
15.733,  NaN,  NaN,  NaN,  NaN,  NaN,  NaN,  NaN,  NaN,  NaN,  NaN,  NaN
15.750,  NaN,  NaN,  NaN,  NaN,  NaN,  NaN,  NaN,  NaN,  NaN,  NaN,  NaN
15.767,  NaN,  NaN,  NaN,  NaN,  NaN,  NaN,  NaN,  NaN,  NaN,  NaN,  NaN
15.783,  NaN,  NaN,  NaN,  NaN,  NaN,  NaN,  NaN,  NaN,  NaN,  NaN,  NaN
15.800,  NaN,  NaN,  NaN,  NaN,  NaN,  NaN,  NaN,  NaN,  NaN,  NaN,  NaN
15.817,  NaN,  NaN,  NaN,  NaN,  NaN,  NaN,  NaN,  NaN,  NaN,  NaN,  NaN
15.833,  NaN,  NaN,  NaN,  NaN,  NaN,  NaN,  NaN,  NaN,  NaN,  NaN,  NaN
15.850,  NaN,  NaN,  NaN,  NaN,  NaN,  NaN,  NaN,  NaN,  NaN,  NaN,  NaN
15.867,  NaN,  NaN,  NaN,  NaN,  NaN,  NaN,  NaN,  NaN,  NaN,  NaN,  NaN
15.883,  NaN,  NaN,  NaN,  NaN,  NaN,  NaN,  NaN,  NaN,  NaN,  NaN,  NaN
15.900,  NaN,  NaN,  NaN,  NaN,  NaN,  NaN,  NaN,  NaN,  NaN,  NaN,  NaN
15.917,  NaN,  NaN,  NaN,  NaN,  NaN,  NaN,  NaN,  NaN,  NaN,  NaN,  NaN
15.933,  NaN,  NaN,  NaN,  NaN,  NaN,  NaN,  NaN,  NaN,  NaN,  NaN,  NaN
15.950,  NaN,  NaN,  NaN,  NaN,  NaN,  NaN,  NaN,  NaN,  NaN,  NaN,  NaN
15.967,  NaN,  NaN,  NaN,  NaN,  NaN,  NaN,  NaN,  NaN,  NaN,  NaN,  NaN
15.983,  NaN,  NaN,  NaN,  NaN,  NaN,  NaN,  NaN,  NaN,  NaN,  NaN,  NaN
